cohort	tissue	population	vmr_set	modality	vmr_id	seqnames	start	end	h2_category	h2_unscaled	n_pairs_tested	n_features_tested	n_sig_fdr_05	n_sig_fdr_10	min_p	min_fdr	max_abs_beta	strongest_beta
all_individuals	dlpfc	AA	AA_only	expression	chr10_71880588_71881067	chr10	71880588	71881067	Non-heritable	0.0668323969285313	1	1	0	0	0.26250187995629	0.992291048148536	0.173566424609447	-0.173566424609447
all_individuals	dlpfc	AA	AA_only	expression	chr11_8206242_8206554	chr11	8206242	8206554	Heritable	0.10722578996047	3	3	0	1	0.0024411242806225	0.0756748526992976	0.339385123834248	0.339385123834248
all_individuals	dlpfc	AA	AA_only	expression	chr12_110079753_110080004	chr12	110079753	110080004	Heritable	0.102340319607936	1	1	0	0	0.504877033132946	0.992291048148536	0.107296583577011	0.107296583577011
all_individuals	dlpfc	AA	AA_only	expression	chr12_124727233_124727364	chr12	124727233	124727364	Heritable	0.137780686090126	1	1	0	0	0.727425139159539	0.992291048148536	0.112669531511159	-0.112669531511159
all_individuals	dlpfc	AA	AA_only	expression	chr12_32390895_32391529	chr12	32390895	32391529	Heritable	0.111022061051162	1	1	0	0	0.155891323103575	0.992291048148536	0.250371027958661	-0.250371027958661
all_individuals	dlpfc	AA	AA_only	expression	chr13_109739394_109740385	chr13	109739394	109740385	Heritable	0.641146777322437	2	2	0	0	0.0646880337616172	0.992291048148536	0.103205729787613	-0.103205729787613
all_individuals	dlpfc	AA	AA_only	expression	chr13_113647869_113648243	chr13	113647869	113648243	Heritable	0.139417429682381	1	1	0	0	0.68700046319794	0.992291048148536	0.0396879628705538	0.0396879628705538
all_individuals	dlpfc	AA	AA_only	expression	chr14_35341681_35342590	chr14	35341681	35342590	Heritable	0.103273140917356	6	6	0	0	0.192013090232768	0.992291048148536	0.278345600543116	0.278345600543116
all_individuals	dlpfc	AA	AA_only	expression	chr14_74941759_74942036	chr14	74941759	74942036	Heritable	0.108662406790127	2	2	0	0	0.584317209696732	0.992291048148536	0.119112673721189	0.119112673721189
all_individuals	dlpfc	AA	AA_only	expression	chr14_75515433_75515603	chr14	75515433	75515603	Heritable	0.369265578533503	1	1	0	0	0.085486868898228	0.992291048148536	0.313526276013121	-0.313526276013121
all_individuals	dlpfc	AA	AA_only	expression	chr15_101128058_101128829	chr15	101128058	101128829	Non-heritable	0.0916189115666089	1	1	0	0	0.919725241860489	0.992291048148536	0.00644718415246293	0.00644718415246293
all_individuals	dlpfc	AA	AA_only	expression	chr15_79993499_79993970	chr15	79993499	79993970	Heritable	0.141579806339023	1	1	0	0	0.430949771201508	0.992291048148536	0.0149960284292957	-0.0149960284292957
all_individuals	dlpfc	AA	AA_only	expression	chr15_99454884_99455474	chr15	99454884	99455474	Heritable	0.132923989456618	3	3	0	0	0.197341790560566	0.992291048148536	0.325073661885104	-0.325073661885104
all_individuals	dlpfc	AA	AA_only	expression	chr16_55371447_55371741	chr16	55371447	55371741	Heritable	0.124524787500937	1	1	0	0	0.210098915772676	0.992291048148536	0.333959184854482	-0.333959184854482
all_individuals	dlpfc	AA	AA_only	expression	chr1_1909408_1909780	chr1	1909408	1909780	Heritable	0.183672210959697	6	6	0	0	0.171214415051187	0.992291048148536	0.303789684871597	-0.303789684871597
all_individuals	dlpfc	AA	AA_only	expression	chr21_39087485_39088003	chr21	39087485	39088003	Heritable	0.108113841356168	1	1	0	0	0.600296903617375	0.992291048148536	0.0874972856145817	-0.0874972856145817
all_individuals	dlpfc	AA	AA_only	expression	chr2_10283395_10285932	chr2	10283395	10285932	Heritable	0.118895230043443	1	1	0	0	0.986733274484457	0.996172216489603	0.00420570337204396	0.00420570337204396
all_individuals	dlpfc	AA	AA_only	expression	chr2_54708194_54708629	chr2	54708194	54708629	Heritable	0.101867347165688	1	1	0	0	0.517875538897844	0.992291048148536	0.171238399618686	0.171238399618686
all_individuals	dlpfc	AA	AA_only	expression	chr4_140238017_140239828	chr4	140238017	140239828	Heritable	0.118987451709215	2	2	0	0	0.202527444582751	0.992291048148536	0.329730579446629	-0.329730579446629
all_individuals	dlpfc	AA	AA_only	expression	chr4_3285918_3286374	chr4	3285918	3286374	Non-heritable	0.0507743777140202	1	1	0	0	0.754935198706742	0.992291048148536	0.0747594339262818	0.0747594339262818
all_individuals	dlpfc	AA	AA_only	expression	chr4_4852887_4853102	chr4	4852887	4853102	Heritable	0.106212200560146	1	1	0	0	0.363763556089221	0.992291048148536	0.294294270402023	0.294294270402023
all_individuals	dlpfc	AA	AA_only	expression	chr5_140146495_140146641	chr5	140146495	140146641	Heritable	0.233665718726289	1	1	0	0	0.00900772654925013	0.186159682017836	1.93026061702464	-1.93026061702464
all_individuals	dlpfc	AA	AA_only	expression	chr5_140631134_140631869	chr5	140631134	140631869	Heritable	0.117983897406049	8	8	0	0	0.630254522832619	0.992291048148536	0.0837091618530756	-0.0837091618530756
all_individuals	dlpfc	AA	AA_only	expression	chr6_156720105_156720216	chr6	156720105	156720216	Heritable	0.100848740143105	4	4	0	0	0.273631701890949	0.992291048148536	0.242181520807193	-0.242181520807193
all_individuals	dlpfc	AA	AA_only	expression	chr6_163398308_163399056	chr6	163398308	163399056	Heritable	0.142479794372255	2	2	0	0	0.547637284116978	0.992291048148536	0.141369083296638	0.141369083296638
all_individuals	dlpfc	AA	AA_only	expression	chr6_170152592_170152828	chr6	170152592	170152828	Heritable	0.263602184930639	1	1	0	0	0.650219540337108	0.992291048148536	0.0389336660993824	0.0389336660993824
all_individuals	dlpfc	AA	AA_only	expression	chr7_1169807_1169926	chr7	1169807	1169926	Heritable	0.132596689773556	2	2	1	1	0.000454441038458029	0.0281753443843978	1.01174948924481	-1.01174948924481
all_individuals	dlpfc	AA	AA_only	expression	chr7_76304978_76305487	chr7	76304978	76305487	Heritable	0.113553952995302	1	1	0	0	0.234041572128636	0.992291048148536	0.827759842330988	0.827759842330988
all_individuals	dlpfc	AA	AA_only	expression	chr8_47735198_47736411	chr8	47735198	47736411	Non-heritable	0.0357063531996091	5	5	0	0	0.24338898766841	0.992291048148536	0.173155780997142	-0.173155780997142
