pheno_id	num_snps	boosting_iterations_performed	h2_unscaled	r_squared_cv	PopSize	LD_Decay
pheno_1	1588	11	0.0947293674759685	0.98802389274809	200	0.5
pheno_2	16107	11	0.0644209308075982	0.999980094013183	200	0.5
pheno_3	6789	11	0.0667308914579179	0.999815602459049	200	0.5
pheno_4	19032	11	0.0695522236061238	0.999982661588868	200	0.5
pheno_5	12024	11	0.0707103759991115	0.999959757134009	200	0.5
pheno_6	8310	14	0.0775494020521178	0.99988054890342	200	0.5
pheno_7	7547	15	0.266159479217869	0.999480227409761	200	0.5
pheno_8	16284	11	0.0682386246728296	0.999979186649827	200	0.5
pheno_9	5383	11	0.0714560030191011	0.999531012262717	200	0.5
pheno_10	7097	11	0.067965636479905	0.999807884351169	200	0.5
pheno_11	2423	11	0.485066693722857	0.984642307118422	200	0.5
pheno_12	6598	11	0.0653187202783704	0.999813460481253	200	0.5
pheno_13	5508	11	0.303965010861278	0.998319873538415	200	0.5
pheno_14	3720	11	0.0849613383292075	0.99853925695031	200	0.5
pheno_15	10072	11	0.0858911845615544	0.99977313385486	200	0.5
pheno_16	11444	12	0.0722563690297696	0.999950158877397	200	0.5
pheno_17	7956	11	0.422795077485948	0.998945028157681	200	0.5
pheno_18	7293	15	0.507465689407707	0.998792377626438	200	0.5
pheno_19	9916	16	0.0696576703977493	0.999925963392105	200	0.5
pheno_20	6143	13	0.0753240693137795	0.999712988114822	200	0.5
pheno_21	7089	13	0.0691643693827855	0.999805253135832	200	0.5
pheno_22	4088	11	0.0817807753579193	0.999182114188477	200	0.5
pheno_23	8590	15	0.0767158406728563	0.999906156285017	200	0.5
pheno_24	15612	11	0.393759715742773	0.999892915281949	200	0.5
pheno_25	12178	11	0.264165410774896	0.999854842278201	200	0.5
pheno_26	1873	13	0.0690426082551241	0.975681258827506	200	0.5
pheno_27	7466	17	0.079218887295057	0.999643709200159	200	0.5
pheno_28	6368	11	0.06615016156674	0.999655904069368	200	0.5
pheno_29	3199	24	0.107884038330891	0.978467359218044	200	0.5
pheno_30	12571	11	0.0727919142740635	0.999960430236067	200	0.5
pheno_31	534	11	0.586437073794589	0.830595975615808	200	0.5
pheno_32	5618	16	0.0835925408984235	0.999651435417713	200	0.5
pheno_33	11113	11	0.0884062273977729	0.999742769882975	200	0.5
pheno_34	7004	11	0.0649335978365401	0.999808797276908	200	0.5
pheno_35	3822	16	0.121476179242521	0.997409278118445	200	0.5
pheno_36	13439	11	0.0684164568641831	0.999959408514363	200	0.5
pheno_37	6791	13	0.0705942632862183	0.999775778895632	200	0.5
pheno_38	7421	11	0.0672431454387061	0.999848989662224	200	0.5
pheno_39	1621	11	0.0747399498219618	0.968533419593648	200	0.5
pheno_40	2877	11	0.0986878346173811	0.981411776340295	200	0.5
pheno_41	5702	11	0.0766225371060123	0.99038781778282	200	0.5
pheno_42	6065	11	0.074621266588697	0.999537435184084	200	0.5
pheno_43	11393	11	0.0720061956721166	0.999947193483603	200	0.5
pheno_44	7288	14	0.329029257601329	0.999335237889425	200	0.5
pheno_45	5102	11	0.0749657872872316	0.999468894808928	200	0.5
pheno_46	6729	16	0.416640901370231	0.998670840941337	200	0.5
pheno_47	21886	11	0.311650347687486	0.999975201928242	200	0.5
pheno_48	12874	11	0.311757267513162	0.999835111939238	200	0.5
pheno_49	2365	11	0.118300002212394	0.991278531292162	200	0.5
pheno_50	5652	11	0.0699905134518759	0.999674102024983	200	0.5
pheno_51	18821	11	0.0645692966913671	0.999981055078852	200	0.5
pheno_52	1839	12	0.0795556559783582	0.905593176334002	200	0.5
pheno_53	5605	15	0.0799921334283993	0.999614067236556	200	0.5
pheno_54	1515	11	0.0272276648215058	0.886355812384547	200	0.5
pheno_55	16356	13	0.0673295727920772	0.999980249632385	200	0.5
pheno_56	21370	11	0.0630671673129544	0.999983821202961	200	0.5
pheno_57	7269	13	0.435861801063463	0.999043268615408	200	0.5
pheno_58	16427	11	0.06799482414163	0.999975049523591	200	0.5
pheno_59	13541	11	0.068045260356339	0.999969716408164	200	0.5
pheno_60	6775	12	0.0707788527269995	0.995258006719425	200	0.5
pheno_61	94	16	0.0522529312267885	0.468843232593309	200	0.5
pheno_62	11669	12	0.0696568647942018	0.999960312400216	200	0.5
pheno_63	11110	15	0.0655020665713828	0.999954168861534	200	0.5
pheno_64	2833	11	0.0611828899430813	0.996982627006087	200	0.5
pheno_65	11897	11	0.0685154816104633	0.999965234609942	200	0.5
pheno_66	1917	13	0.0850407381389036	0.992838336776245	200	0.5
pheno_67	246	14	0.0475038534635496	0.60070974299642	200	0.5
pheno_68	9150	11	0.0737392682483176	0.999900280999398	200	0.5
pheno_69	91	11	0.00248313237330667		200	0.5
pheno_70	10615	16	0.0678657899214052	0.999936911535108	200	0.5
pheno_71	1480	14	0.0435052124945448	0.948156409493415	200	0.5
pheno_72	4803	11	0.365699470292035	0.996729586605361	200	0.5
pheno_73	2534	11	0.0766786326581629	0.987604735626377	200	0.5
pheno_74	7711	12	0.0701917312981316	0.99987598116387	200	0.5
pheno_75	2937	16	0.512675435913711	0.9907010173923	200	0.5
pheno_76	10579	11	0.0665881640706281	0.999939304007321	200	0.5
pheno_77	863	11	0.217137692953632	0.920874185880315	200	0.5
pheno_78	15046	11	0.0855302335663696	0.999923957652498	200	0.5
pheno_79	2852	11	0.121971264229771	0.991422330556492	200	0.5
pheno_80	11572	11	0.0751499885626458	0.999947536272346	200	0.5
pheno_81	10712	12	0.068577470607916	0.999919374488556	200	0.5
pheno_82	8607	18	0.0751019515862155	0.999868829073823	200	0.5
pheno_83	1355	11	0.549751171743851	0.960302390536352	200	0.5
pheno_84	15784	11	0.400284594212518	0.999853479621727	200	0.5
pheno_85	8548	12	0.0665587123219645	0.999838686573121	200	0.5
pheno_86	3261	11	0.0739016824902483	0.998637095484363	200	0.5
pheno_87	5325	17	0.0859222717819441	0.993063695492986	200	0.5
pheno_88	165	11	0.0471433070891519	0.52287583181986	200	0.5
pheno_89	467	14	0.0129904393721163		200	0.5
pheno_90	4950	13	0.0782447782924966	0.999577260923659	200	0.5
pheno_91	5345	12	0.0802986891869814	0.999574543911087	200	0.5
pheno_92	5784	11	0.0770508089078846	0.999459595805684	200	0.5
pheno_93	6729	11	0.0695380876306304	0.999689734062512	200	0.5
pheno_94	829	11	0.0278114164435839	0.804645719478403	200	0.5
pheno_95	8805	11	0.484272457106381	0.999591458831273	200	0.5
pheno_96	2345	11	0.068403996130576	0.995971115757712	200	0.5
pheno_97	3771	15	0.373930789607502	0.995288903914192	200	0.5
pheno_98	12472	11	0.0689509442209756	0.999953609626832	200	0.5
pheno_99	10132	16	0.0719197452596028	0.999923343804984	200	0.5
pheno_100	6814	11	0.0643970342777736	0.999759602212358	200	0.5
pheno_101	7296	11	0.0932895079351112	0.99944053034385	200	0.5
pheno_102	10659	13	0.0719187004209646	0.99995110157048	200	0.5
pheno_103	5595	19	0.279185848711793	0.996256429136688	200	0.5
pheno_104	6151	11	0.0682442044546955	0.999683247116637	200	0.5
pheno_105	16404	11	0.0672264246699222	0.999980340704888	200	0.5
pheno_106	2807	11	0.350225987902682	0.991711880145119	200	0.5
pheno_107	11966	11	0.0644759535055049	0.999958471664984	200	0.5
pheno_108	2866	12	0.0963854760346776	0.997453022513962	200	0.5
pheno_109	6459	11	0.083846658729045	0.998916903395694	200	0.5
pheno_110	1826	16	0.0769889653203733	0.893073858859673	200	0.5
pheno_111	6154	19	0.0819236579173242	0.973632089918082	200	0.5
pheno_112	3119	11	0.0822329413390043	0.994927059130035	200	0.5
pheno_113	906	11	0.0215318450070256	0.909586778014303	200	0.5
pheno_114	4180	13	0.478840170345068	0.996377932918801	200	0.5
pheno_115	10146	11	0.0733297663675851	0.999922236836374	200	0.5
pheno_116	14204	11	0.0693304458395928	0.999974728582344	200	0.5
pheno_117	5920	13	0.0742306679226374	0.999729761574927	200	0.5
pheno_118	3992	28	0.420432393063305	0.99676635955696	200	0.5
pheno_119	1667	11	0.390411724511894	0.972515966902663	200	0.5
pheno_120	12519	11	0.375351072980834	0.999778499832289	200	0.5
pheno_121	9981	12	0.0773210891408787	0.999897984426246	200	0.5
pheno_122	7924	11	0.0737992041906299	0.999866573769434	200	0.5
pheno_123	17147	11	0.379056089770811	0.999905998415837	200	0.5
pheno_124	8096	15	0.0728704214055451	0.999862742370932	200	0.5
pheno_125	23786	11	0.0621313834730996	0.999987024691263	200	0.5
pheno_126	8067	11	0.0642629133325503	0.999872616188326	200	0.5
pheno_127	10045	14	0.0707163836167003	0.999930204934477	200	0.5
pheno_128	12009	11	0.0650658694949311	0.999936798747945	200	0.5
pheno_129	5681	15	0.0725425224981709	0.999680434890466	200	0.5
pheno_130	5435	19	0.0871082479230076	0.993640836978505	200	0.5
pheno_131	2530	12	0.0785374477142166	0.990638656138253	200	0.5
pheno_132	7045	11	0.0672335549921968	0.999724687458663	200	0.5
pheno_133	6230	11	0.0688462804201091	0.999728220056105	200	0.5
pheno_134	6232	17	0.078449596524989	0.999728646868609	200	0.5
pheno_135	4879	11	0.0595393516382456	0.99925785463893	200	0.5
pheno_136	9814	11	0.0755802545401302	0.999899722170993	200	0.5
pheno_137	4817	11	0.0796043432246607	0.998715856912934	200	0.5
pheno_138	11297	11	0.0700136887532333	0.999949158973224	200	0.5
pheno_139	12129	11	0.0742436609609821	0.999946831884379	200	0.5
pheno_140	8303	20	0.0713357692873107	0.999871617499449	200	0.5
pheno_141	2457	16	0.0380737938067048		200	0.5
pheno_142	5255	11	0.0829404213043318	0.998654222977408	200	0.5
pheno_143	10065	13	0.321709951698252	0.999641195382923	200	0.5
pheno_144	2735	11	0.095320900544491	0.996933025772318	200	0.5
pheno_145	10019	11	0.365261032484807	0.999746987785879	200	0.5
pheno_146	3678	12	0.385943062646421	0.993888265353647	200	0.5
pheno_147	5746	11	0.0697539624368149	0.999719303026097	200	0.5
pheno_148	5985	11	0.0686401324452804	0.999668077728493	200	0.5
pheno_149	7544	11	0.0698835812340954	0.999784909096948	200	0.5
pheno_150	4574	19	0.249708114857659	0.997720921136339	200	0.5
pheno_151	7318	19	0.0761224615908802	0.999264384043143	200	0.5
pheno_152	10341	14	0.0759714006076013	0.999919685015384	200	0.5
pheno_153	8197	11	0.0635682728357982	0.999908249632484	200	0.5
pheno_154	841	11	0.0115799754380029		200	0.5
pheno_155	8764	16	0.0916205541801664	0.999561100306833	200	0.5
pheno_156	1604	15	0.0840146423457805	0.930923765095983	200	0.5
pheno_157	5311	18	0.0798982126960308	0.9994395524472	200	0.5
pheno_158	2212	19	0.133611440088033	0.910148934724698	200	0.5
pheno_159	14913	11	0.0663676525029449	0.999972453101217	200	0.5
pheno_160	18567	11	0.0665125246333511	0.999983313194608	200	0.5
pheno_161	2702	11	0.064970050848323	0.964223488971407	200	0.5
pheno_162	8445	14	0.0745279606426697	0.999903073144365	200	0.5
pheno_163	23761	11	0.0621232709932455	0.999987329351008	200	0.5
pheno_164	3860	23	0.10213852206074	0.99149471080536	200	0.5
pheno_165	6159	11	0.0695295680322179	0.999594024997243	200	0.5
pheno_166	7405	11	0.0705333157628632	0.999817217997828	200	0.5
pheno_167	13034	11	0.0711583592279218	0.999957147778896	200	0.5
pheno_168	23381	11	0.0602055617651784	0.999985249983737	200	0.5
pheno_169	21624	11	0.062863655596041	0.999986484854594	200	0.5
pheno_170	27024	11	0.0639320125466958	0.999986556693655	200	0.5
pheno_171	10324	11	0.0751513386521116	0.999940768265944	200	0.5
pheno_172	4107	11	0.081365558927521	0.982272912373753	200	0.5
pheno_173	8896	14	0.0765625437431117	0.999326571346137	200	0.5
pheno_174	5866	18	0.0881432922853102	0.999689732675647	200	0.5
pheno_175	16921	11	0.0633694593896833	0.999981498495426	200	0.5
pheno_176	1228	17	0.0809905013721278	0.975426667147286	200	0.5
pheno_177	9938	12	0.0736068426238856	0.999932578147697	200	0.5
pheno_178	10110	15	0.072765534350885	0.999929551326535	200	0.5
pheno_179	2484	13	0.234004848961083	0.974931615048965	200	0.5
pheno_180	8905	19	0.0773608162965213	0.990488441865168	200	0.5
pheno_181	7115	15	0.0775558354125571	0.999791134118143	200	0.5
pheno_182	11587	13	0.0689575249474439	0.999917551223914	200	0.5
pheno_183	8355	11	0.212271400042924	0.999361317639624	200	0.5
pheno_184	6183	11	0.0693766445810553	0.999711804720155	200	0.5
pheno_185	2223	15	0.092297830806626	0.990246986907093	200	0.5
pheno_186	474	17	0.0267626616846558	0.681978244146345	200	0.5
pheno_187	2446	13	0.0742542667219798	0.962423418251669	200	0.5
pheno_188	17471	11	0.0669833373874728	0.999983307498961	200	0.5
pheno_189	5882	11	0.0704511974060802	0.999687916377638	200	0.5
pheno_190	3777	12	0.229906408260889	0.961020721278983	200	0.5
pheno_191	1744	11	0.086433776893295	0.937211497196561	200	0.5
pheno_192	10808	11	0.0743744732831893	0.999945299816012	200	0.5
pheno_193	6244	20	0.0846414973581207	0.999390102308455	200	0.5
pheno_194	9496	16	0.0702971593213065	0.999905105791204	200	0.5
pheno_195	6994	12	0.0678424373434631	0.999830611676871	200	0.5
pheno_196	3481	11	0.115710159328811	0.994432835455647	200	0.5
pheno_197	2524	11	0.0586097549047514	0.977600130596029	200	0.5
pheno_198	3204	13	0.0838555624836063	0.998502665487849	200	0.5
pheno_199	1325	16	0.0621812787813351	0.896258664216415	200	0.5
pheno_200	10367	11	0.0756357421737721	0.99988857009181	200	0.5
pheno_201	2073	30	0.16147815597411	0.951865236615473	200	0.5
pheno_202	8819	15	0.0742372152889857	0.999913551542862	200	0.5
pheno_203	7445	15	0.0775963724450845	0.999784871360906	200	0.5
pheno_204	1190	12	0.0237553824767939		200	0.5
pheno_205	6171	12	0.295058886509716	0.999011288638744	200	0.5
pheno_206	2191	11	0.0684384441201675	0.970787559306893	200	0.5
pheno_207	3886	14	0.427150468745528	0.995102579222569	200	0.5
pheno_208	2284	15	0.473499643890749	0.983182207634191	200	0.5
pheno_209	5680	11	0.108412983615255	0.998790380744553	200	0.5
pheno_210	3352	11	0.0895180052361506	0.960100232044366	200	0.5
pheno_211	6478	12	0.0789425214304311	0.99969988885577	200	0.5
pheno_212	1494	11	0.0794241423822326	0.970323310206758	200	0.5
pheno_213	3214	11	0.100172945875003	0.998083275644663	200	0.5
pheno_214	8566	13	0.0779714295058789	0.999885961603359	200	0.5
pheno_215	3319	11	0.090406942656822	0.990406538961432	200	0.5
pheno_216	3235	14	0.0871211369352981	0.993929532613584	200	0.5
pheno_217	10166	16	0.0685796688373414	0.999920653878332	200	0.5
pheno_218	12455	11	0.0711721617537694	0.999954448498076	200	0.5
pheno_219	8849	11	0.07228901374049	0.999904785669157	200	0.5
pheno_220	6031	16	0.0859850395820869	0.999704117621204	200	0.5
pheno_221	5199	20	0.0837789798488501	0.999388746524998	200	0.5
pheno_222	9583	11	0.0724955018895851	0.999926077347226	200	0.5
pheno_223	16783	11	0.0671698537655922	0.999978441795872	200	0.5
pheno_224	6253	11	0.0698398507206494	0.965588155083962	200	0.5
pheno_225	9408	18	0.0707727327501828	0.99992973143733	200	0.5
pheno_226	8847	16	0.0681045590586601	0.999902293927796	200	0.5
pheno_227	5804	12	0.0830118548626432	0.999539326220166	200	0.5
pheno_228	10615	14	0.0692514449766	0.999942934487366	200	0.5
pheno_229	17743	11	0.0649985231885023	0.999982582490233	200	0.5
pheno_230	6820	11	0.0685858159393557	0.999788723424317	200	0.5
pheno_231	11781	11	0.0750076857563064	0.999951128290837	200	0.5
pheno_232	2159	16	0.111095620900246	0.974495037442116	200	0.5
pheno_233	17661	11	0.0824060000349461	0.999947161460692	200	0.5
pheno_234	1664	11	0.0912610717887563	0.991315870633832	200	0.5
pheno_235	19472	11	0.0633268240175633	0.999982917500671	200	0.5
pheno_236	6961	23	0.076719002329912	0.999831961136653	200	0.5
pheno_237	2070	11	0.114945557892312	0.991240457269503	200	0.5
pheno_238	2235	11	0.539628505675781	0.98252747058411	200	0.5
pheno_239	5587	11	0.0762154127121184	0.99760829190995	200	0.5
pheno_240	7589	11	0.294030367841062	0.999612942279547	200	0.5
pheno_241	12502	11	0.0696903967479362	0.999959111099134	200	0.5
pheno_242	3458	11	0.0884554438044406	0.99866754231442	200	0.5
pheno_243	1130	11	0.0327104230232167	0.883767185982059	200	0.5
pheno_244	2818	11	0.120178836732415	0.991429081346352	200	0.5
pheno_245	7597	13	0.10993542469568	0.999494078096271	200	0.5
pheno_246	6912	11	0.0678324496389884	0.999151002700225	200	0.5
pheno_247	5385	16	0.092798739417983	0.999518297499433	200	0.5
pheno_248	3144	14	0.0854122989612446	0.998225389834098	200	0.5
pheno_249	3694	11	0.075124252142387	0.958103503581397	200	0.5
pheno_250	6687	23	0.0888586529235788	0.999455306479086	200	0.5
pheno_251	3896	11	0.0743529289889275	0.999207772441653	200	0.5
pheno_252	4812	17	0.315865615649226	0.99797457869611	200	0.5
pheno_253	6614	11	0.0708515102972842	0.99977695947131	200	0.5
pheno_254	6523	12	0.0955387580664527	0.999183794572721	200	0.5
pheno_255	17137	12	0.0640069240010194	0.999979084251357	200	0.5
pheno_256	9460	11	0.0655665808588745	0.999709312799844	200	0.5
pheno_257	5486	11	0.0767663696337005	0.999298750308255	200	0.5
pheno_258	11954	11	0.0686148607727453	0.999941975701356	200	0.5
pheno_259	7270	11	0.0635383257144295	0.999802482313092	200	0.5
pheno_260	5971	11	0.0758665051395198	0.99968546440686	200	0.5
pheno_261	1316	11	0.102316176036516	0.986492414481078	200	0.5
pheno_262	4057	20	0.104548153706191	0.995756510881518	200	0.5
pheno_263	14990	11	0.0675452352570905	0.999978376092994	200	0.5
pheno_264	12953	11	0.277451022368799	0.999882903712853	200	0.5
pheno_265	15159	11	0.0694089084832355	0.999975332386563	200	0.5
pheno_266	6786	13	0.0739837375430058	0.99973671895656	200	0.5
pheno_267	12268	11	0.0694185476875557	0.99992300675696	200	0.5
pheno_268	10136	12	0.0641192640550637	0.999948646664393	200	0.5
pheno_269	4852	11	0.0776902448666508	0.999470504196566	200	0.5
pheno_270	6901	18	0.077392418734652	0.999750925764757	200	0.5
pheno_271	11546	11	0.32976120447932	0.999749829110444	200	0.5
pheno_272	5489	11	0.0766849078948871	0.999340674714499	200	0.5
pheno_273	1188	14	0.0354169785871091	0.96176919596573	200	0.5
pheno_274	12797	11	0.0687853549226552	0.999970378766936	200	0.5
pheno_275	9920	17	0.0671309741372618	0.999924475496317	200	0.5
pheno_276	9082	15	0.073447346219353	0.999918764492319	200	0.5
pheno_277	12322	16	0.0671349865754988	0.999950180897144	200	0.5
pheno_278	6679	11	0.0690238666219162	0.999754827088964	200	0.5
pheno_279	17784	11	0.0652778289847572	0.999983001490341	200	0.5
pheno_280	3494	20	0.0871062117122752	0.99871689108285	200	0.5
pheno_281	9681	18	0.0765005024304467	0.999921745406606	200	0.5
pheno_282	2925	11	0.0850082446190904	0.997066592647224	200	0.5
pheno_283	9178	11	0.344448882297166	0.999608639592754	200	0.5
pheno_284	5431	11	0.0811978841335529	0.997763247047733	200	0.5
pheno_285	906	12	0.0993028510883992	0.967841157934029	200	0.5
pheno_286	14154	11	0.0705477216806876	0.999979828263849	200	0.5
pheno_287	1853	24	0.0842423716927728	0.971120752402954	200	0.5
pheno_288	5142	18	0.0872899643429027	0.999472846916935	200	0.5
pheno_289	4111	16	0.389336485391403	0.995943893832061	200	0.5
pheno_290	5151	13	0.09287265918272	0.996672034152432	200	0.5
pheno_291	1992	11	0.0939678771793331	0.957984778441729	200	0.5
pheno_292	3523	23	0.0930104789331089	0.998161704573829	200	0.5
pheno_293	13197	11	0.0665074165598371	0.99995988972517	200	0.5
pheno_294	14112	11	0.0736679975837314	0.999926241504288	200	0.5
pheno_295	7216	11	0.0938144231875837	0.999090397862419	200	0.5
pheno_296	12569	11	0.0834526216659652	0.999882251465237	200	0.5
pheno_297	3921	21	0.0826155723488902	0.998879686857944	200	0.5
pheno_298	4560	11	0.0784873781025376	0.980169874718123	200	0.5
pheno_299	12606	11	0.0754350186935999	0.999882960707377	200	0.5
pheno_300	7964	15	0.0663734205578555	0.999848279678818	200	0.5
pheno_301	31895	11	0.0583100042963155	0.999987314226462	200	0.5
pheno_302	17004	11	0.0635582366732497	0.999979250915501	200	0.5
pheno_303	6651	11	0.0702269619328983	0.999816549315832	200	0.5
pheno_304	13440	11	0.0658979335570938	0.999970531663918	200	0.5
pheno_305	16286	13	0.0647264528567125	0.999975505331842	200	0.5
pheno_306	305	11	0.0283434216033205	0.674203583802573	200	0.5
pheno_307	3881	11	0.0802634387944434	0.998172610213113	200	0.5
pheno_308	171	20	0.0503930644476788	0.515835883081722	200	0.5
pheno_309	5744	11	0.074067674589829	0.97668816218272	200	0.5
pheno_310	10388	13	0.0898597921814996	0.999734495265707	200	0.5
pheno_311	10562	16	0.0695172552744225	0.999905608068959	200	0.5
pheno_312	13450	11	0.0678933163485518	0.999967775289091	200	0.5
pheno_313	12095	11	0.0724342521738786	0.999958538117675	200	0.5
pheno_314	4357	13	0.0751151908423992	0.999147459839159	200	0.5
pheno_315	3671	14	0.10976865020293	0.998900303461859	200	0.5
pheno_316	4908	11	0.0660476540984843	0.999422734675831	200	0.5
pheno_317	13747	11	0.29184100485959	0.999844427967756	200	0.5
pheno_318	6500	13	0.0775875774352059	0.999545198311655	200	0.5
pheno_319	9712	11	0.0734926284358926	0.999877173970935	200	0.5
pheno_320	1668	11	0.0627296372249986	0.943926580866058	200	0.5
pheno_321	6012	11	0.0751455824698385	0.999636245295604	200	0.5
pheno_322	4842	16	0.0757251153161244	0.999382139409836	200	0.5
pheno_323	13439	11	0.0748404427157647	0.999959213196485	200	0.5
pheno_324	374	11	0.497106513550392	0.783859800213305	200	0.5
pheno_325	12831	11	0.071161891480772	0.999950062509292	200	0.5
pheno_326	6772	11	0.0749878859437423	0.999799971574844	200	0.5
pheno_327	1722	11	0.0456096108381124	0.948812738373359	200	0.5
pheno_328	9745	21	0.0703017882119362	0.999944278761671	200	0.5
pheno_329	8053	20	0.0718661139281018	0.999881030895497	200	0.5
pheno_330	3119	14	0.0717959192166366	0.985193054518233	200	0.5
pheno_331	6439	14	0.0774332405603505	0.992355689846728	200	0.5
pheno_332	9603	18	0.0734964341360558	0.999629784837589	200	0.5
pheno_333	3162	11	0.0889388865774101	0.997466035605573	200	0.5
pheno_334	6939	17	0.0772448870193327	0.999784088505349	200	0.5
pheno_335	18059	11	0.0723088125884118	0.999961336044382	200	0.5
pheno_336	9038	16	0.0783844900704826	0.999784473693036	200	0.5
pheno_337	9847	20	0.41617777962633	0.999692394417177	200	0.5
pheno_338	7708	17	0.079082694112614	0.999772761475754	200	0.5
pheno_339	6162	23	0.0770770416093301	0.999630413561893	200	0.5
pheno_340	5515	12	0.401081098420185	0.988820152724	200	0.5
pheno_341	11223	15	0.0696480441579183	0.999941019697056	200	0.5
pheno_342	14411	11	0.0675316348148412	0.999969209944845	200	0.5
pheno_343	11258	11	0.0783754534597543	0.999844316032629	200	0.5
pheno_344	5117	16	0.38920287121211	0.997464776470606	200	0.5
pheno_345	11064	16	0.0722300263462141	0.999934603275885	200	0.5
pheno_346	13993	11	0.0700486488790874	0.999975346844835	200	0.5
pheno_347	5508	16	0.0922644098564755	0.999598376518317	200	0.5
pheno_348	6672	11	0.0725126327844371	0.999755307079355	200	0.5
pheno_349	2854	11	0.0936777181729703	0.99737885017462	200	0.5
pheno_350	4382	17	0.305417045428007	0.997456780966676	200	0.5
pheno_351	13301	11	0.0668073731623843	0.99996906025649	200	0.5
pheno_352	12427	11	0.0723768107253171	0.999963203583922	200	0.5
pheno_353	10434	12	0.075134121426029	0.99993103573434	200	0.5
pheno_354	8913	12	0.0739809366442397	0.988573591173534	200	0.5
pheno_355	3243	11	0.0909336702582219	0.969716909882127	200	0.5
pheno_356	8562	21	0.0712332978490234	0.999892558691639	200	0.5
pheno_357	8094	15	0.0766573827245438	0.999868228068387	200	0.5
pheno_358	14190	14	0.0698239265452601	0.999973711725028	200	0.5
pheno_359	5014	11	0.078987955895282	0.99801377002513	200	0.5
pheno_360	4857	11	0.0734831206361007	0.999533678830983	200	0.5
pheno_361	11619	13	0.214512087208546	0.999860149578969	200	0.5
pheno_362	3795	17	0.105030018123128	0.996328961613475	200	0.5
pheno_363	7043	11	0.0803647281013127	0.999813626834312	200	0.5
pheno_364	871	11	0.038683626007512	0.927275705250293	200	0.5
pheno_365	9311	11	0.0727395020700038	0.999853922799285	200	0.5
pheno_366	12375	11	0.080849860333686	0.99990553486172	200	0.5
pheno_367	12168	11	0.070307546690856	0.999956554768358	200	0.5
pheno_368	14650	11	0.0667186540618217	0.999974567670891	200	0.5
pheno_369	5316	12	0.282007509027773	0.998826253008513	200	0.5
pheno_370	3385	11	0.0961335342817798	0.997258721241248	200	0.5
pheno_371	1814	13	0.408943906041671	0.973567808826157	200	0.5
pheno_372	2573	11	0.241806240107037	0.991434581903033	200	0.5
pheno_373	7711	12	0.073438134845497	0.99982383046812	200	0.5
pheno_374	1649	16	0.535018325997642	0.964685284629784	200	0.5
pheno_375	23741	11	0.0620533110606333	0.999984656213467	200	0.5
pheno_376	1198	15	0.0744374486938365	0.945883946424333	200	0.5
pheno_377	26879	11	0.0609837904546182	0.999987299701912	200	0.5
pheno_378	2031	17	0.068087360789223	0.915409051205213	200	0.5
pheno_379	7005	11	0.0678418054919711	0.999746425688867	200	0.5
pheno_380	6940	19	0.515964623665571	0.999158526711572	200	0.5
pheno_381	8029	14	0.0742510142362545	0.999867867810247	200	0.5
pheno_382	6897	15	0.0847094133836699	0.999807601910166	200	0.5
pheno_383	1537	17	0.0404712842673226	0.876572143371002	200	0.5
pheno_384	5637	18	0.0933459999673466	0.999718736572197	200	0.5
pheno_385	14708	11	0.0689575524005655	0.999975126019815	200	0.5
pheno_386	14645	11	0.0645671544846335	0.999973888322619	200	0.5
pheno_387	6492	11	0.0744085288123921	0.999749255426829	200	0.5
pheno_388	1788	11	0.0144324376890585	0.910833457450441	200	0.5
pheno_389	10845	12	0.074673772358501	0.999934207574897	200	0.5
pheno_390	2902	11	0.079415095363141	0.998175549941495	200	0.5
pheno_391	19739	11	0.0649334410798652	0.999973241446201	200	0.5
pheno_392	14927	11	0.0666674128121378	0.999974231042957	200	0.5
pheno_393	4719	14	0.0694341759122195	0.969759404500365	200	0.5
pheno_394	11301	12	0.0696116376257363	0.999951800176369	200	0.5
pheno_395	2965	11	0.0884145928258256	0.998222033307927	200	0.5
pheno_396	16846	11	0.0694691035517995	0.999960325031394	200	0.5
pheno_397	2949	15	0.111173510532805	0.987767065906136	200	0.5
pheno_398	4095	20	0.0780530811432676	0.997512000068394	200	0.5
pheno_399	1028	11	0.00469848627505108	0.901214268636971	200	0.5
pheno_400	4213	15	0.084374588307967	0.985736632393491	200	0.5
pheno_401	6258	11	0.288449104789786	0.975375099227192	200	0.5
pheno_402	9878	11	0.0695657489758194	0.99992775871382	200	0.5
pheno_403	15039	11	0.0686466058517124	0.99998092807946	200	0.5
pheno_404	10786	11	0.071453790623867	0.999952097022289	200	0.5
pheno_405	9919	20	0.0696925463581024	0.999925266819678	200	0.5
pheno_406	6018	16	0.0872896331035159	0.999687563920443	200	0.5
pheno_407	4760	17	0.355615749421242	0.997711873820772	200	0.5
pheno_408	4335	11	0.0761374823231238	0.999232625090834	200	0.5
pheno_409	776	11	0.591275562429698	0.922579110167988	200	0.5
pheno_410	14230	11	0.0646204325513166	0.999968429491527	200	0.5
pheno_411	2191	15	0.127119565434256	0.988972748898133	200	0.5
pheno_412	1577	11	0.480336724051055	0.964763065035553	200	0.5
pheno_413	3225	21	0.604182294103397	0.991074136227065	200	0.5
pheno_414	5069	11	0.0700100275538426	0.999521079316568	200	0.5
pheno_415	4905	11	0.0699088297037527	0.999472182025817	200	0.5
pheno_416	22068	11	0.066588680964983	0.999984210412547	200	0.5
pheno_417	11637	11	0.0685811695547719	0.999947669319587	200	0.5
pheno_418	17116	11	0.0669885690684806	0.999972283622805	200	0.5
pheno_419	8010	17	0.0785329151884578	0.999373187251388	200	0.5
pheno_420	11059	15	0.0755180529616377	0.999942904931997	200	0.5
pheno_421	21497	11	0.0727447847044735	0.999976419903606	200	0.5
pheno_422	4649	11	0.0840999326440683	0.998623329920944	200	0.5
pheno_423	9569	11	0.0648652547423479	0.999853482158696	200	0.5
pheno_424	3750	14	0.316964917887847	0.996073270089268	200	0.5
pheno_425	13732	11	0.0679371409383811	0.999967642875743	200	0.5
pheno_426	6271	15	0.320769791909637	0.999187311759577	200	0.5
pheno_427	12346	12	0.072488936014836	0.998701733216166	200	0.5
pheno_428	7390	16	0.0675922782381143	0.999860825693353	200	0.5
pheno_429	5758	11	0.0692764043078731	0.99960255357105	200	0.5
pheno_430	11547	12	0.0661368151454533	0.99994259554577	200	0.5
pheno_431	6721	11	0.0763780963688919	0.999779092109505	200	0.5
pheno_432	4441	17	0.094525886026188	0.999142855996301	200	0.5
pheno_433	12177	15	0.0698573473716221	0.999971916154412	200	0.5
pheno_434	14022	11	0.0769335400255774	0.999934192413618	200	0.5
pheno_435	17200	11	0.0661493359321649	0.999978005761972	200	0.5
pheno_436	2912	11	0.0551205147603132	0.94673043699378	200	0.5
pheno_437	1077	11	0.409941702980691	0.938686530629666	200	0.5
pheno_438	7823	16	0.0695416412796404	0.9998538375747	200	0.5
pheno_439	9317	16	0.0759321011391954	0.999768307209315	200	0.5
pheno_440	9617	11	0.0932293192069828	0.999687023101576	200	0.5
pheno_441	8836	11	0.0670613028407685	0.999904834023206	200	0.5
pheno_442	15349	12	0.0687598097472026	0.999972762068803	200	0.5
pheno_443	2090	12	0.110506350735987	0.985647437843199	200	0.5
pheno_444	6825	11	0.0676116545545731	0.999766727985588	200	0.5
pheno_445	17776	11	0.239824870355572	0.999924224205637	200	0.5
pheno_446	6812	20	0.339368943258999	0.999177422797854	200	0.5
pheno_447	8068	11	0.0753393063377564	0.999814545773867	200	0.5
pheno_448	580	15	0.345804174590766	0.846761538646379	200	0.5
pheno_449	4189	11	0.0739045484978792	0.992550125990441	200	0.5
pheno_450	9453	11	0.0895374960451323	0.999819566596968	200	0.5
pheno_451	9959	13	0.0715771071474464	0.99992187080281	200	0.5
pheno_452	5670	11	0.0680208058650768	0.999634526095714	200	0.5
pheno_453	9541	11	0.0718505977502923	0.999915193351692	200	0.5
pheno_454	155	11	0.0207685812747114	0.412412827027924	200	0.5
pheno_455	4991	13	0.0818467643534487	0.999456892055972	200	0.5
pheno_456	15212	11	0.0705817270872159	0.999965498532925	200	0.5
pheno_457	11196	16	0.0693857021869632	0.999957119886097	200	0.5
pheno_458	2462	23	0.143847743633616	0.99492052145181	200	0.5
pheno_459	9256	11	0.200570637217463	0.999675671254205	200	0.5
pheno_460	7097	17	0.0735292185950318	0.999797730193828	200	0.5
pheno_461	2008	11	0.443304295904814	0.981488830377473	200	0.5
pheno_462	25235	11	0.0599830973001065	0.99998749300443	200	0.5
pheno_463	5894	11	0.0692497294297009	0.999690368143918	200	0.5
pheno_464	9252	12	0.0688212758745118	0.999921601431066	200	0.5
pheno_465	4954	31	0.0964381667297743	0.980804706496792	200	0.5
pheno_466	9490	13	0.0629604682818502	0.999926963021017	200	0.5
pheno_467	21086	11	0.0629728787647869	0.99998695628001	200	0.5
pheno_468	3361	11	0.254874823583562	0.99398639890814	200	0.5
pheno_469	16397	11	0.0678131549573862	0.999969844473781	200	0.5
pheno_470	5866	11	0.0749925385344422	0.999211925205172	200	0.5
pheno_471	2145	12	0.118235257129075	0.990223152858658	200	0.5
pheno_472	4480	11	0.0775123166758579	0.999160092998016	200	0.5
pheno_473	16351	15	0.0660131180052051	0.999972885781034	200	0.5
pheno_474	6351	25	0.0836331285572024	0.991285049259917	200	0.5
pheno_475	7680	16	0.0639006152293967	0.999832218836572	200	0.5
pheno_476	8626	12	0.255505776183044	0.999282038620514	200	0.5
pheno_477	8295	13	0.0720332298802927	0.9998714201562	200	0.5
pheno_478	9719	11	0.0689718209801692	0.999901540338223	200	0.5
pheno_479	4063	11	0.0675668566389531	0.998772735599369	200	0.5
pheno_480	5590	11	0.0726825710862582	0.999671733967262	200	0.5
pheno_481	1646	11	0.0678595894613626	0.919698923097928	200	0.5
pheno_482	13301	11	0.0711753085100146	0.999964110229655	200	0.5
pheno_483	10306	11	0.0705308806348911	0.999943124576636	200	0.5
pheno_484	17274	11	0.0670102878933219	0.999980312991669	200	0.5
pheno_485	3858	11	0.0861619925453556	0.997535327410447	200	0.5
pheno_486	2340	11	0.0585358747021715	0.953644009967042	200	0.5
pheno_487	8589	20	0.0731125511290904	0.999888247568475	200	0.5
pheno_488	2701	11	0.102176227001778	0.978468475438889	200	0.5
pheno_489	926	11	0.0256529902125932	0.918387964694413	200	0.5
pheno_490	16453	11	0.0640575687648274	0.999984301851522	200	0.5
pheno_491	4807	11	0.0731305810783275	0.999385933659645	200	0.5
pheno_492	13037	11	0.067137460850451	0.999968438866471	200	0.5
pheno_493	12413	12	0.0675850040052657	0.999965049545301	200	0.5
pheno_494	7895	17	0.0749369152294485	0.999831340748868	200	0.5
pheno_495	7275	12	0.0848077547777975	0.999515267761568	200	0.5
pheno_496	4140	11	0.0786163801167027	0.995766812656658	200	0.5
pheno_497	2698	13	0.0833610017506301	0.980247230288971	200	0.5
pheno_498	2944	11	0.0817258153156863	0.976615152377989	200	0.5
pheno_499	20258	11	0.0609464022817492	0.999982605459463	200	0.5
pheno_500	13116	11	0.068259949103688	0.999970286520312	200	0.5
pheno_501	4616	11	0.0752608304861553	0.99955116858428	200	0.5
pheno_502	14465	13	0.0681054033845857	0.999971206434232	200	0.5
pheno_503	6161	11	0.0710202272854804	0.997581875492515	200	0.5
pheno_504	1940	21	0.470280789888904	0.977419164099236	200	0.5
pheno_505	18253	11	0.284020129631722	0.999958544432067	200	0.5
pheno_506	5455	11	0.0771346932952892	0.999641297527065	200	0.5
pheno_507	5089	11	0.0701547851845486	0.99951157687623	200	0.5
pheno_508	4704	16	0.0809626163462883	0.959984858400852	200	0.5
pheno_509	7662	11	0.324256965600834	0.999304676642512	200	0.5
pheno_510	17573	11	0.0626901498472217	0.999985172455048	200	0.5
pheno_511	3653	11	0.0736230249785874	0.962796495711207	200	0.5
pheno_512	25946	11	0.0626061906090322	0.999986063978705	200	0.5
pheno_513	148	11	0.640122449049699	0.887011754076359	200	0.5
pheno_514	12065	11	0.072459134089442	0.999960742384852	200	0.5
pheno_515	7674	13	0.079102077602705	0.999699173826077	200	0.5
pheno_516	2682	11	0.0839976940444979	0.997118450469915	200	0.5
pheno_517	14290	11	0.0694475190538557	0.999949393595448	200	0.5
pheno_518	7084	13	0.075484395279128	0.999748340093731	200	0.5
pheno_519	12793	11	0.0698148667156414	0.999964464064902	200	0.5
pheno_520	8622	16	0.100504248324955	0.999461739150273	200	0.5
pheno_521	2298	16	0.0562808979527001	0.913712822564863	200	0.5
pheno_522	3609	11	0.0642360477830705		200	0.5
pheno_523	7205	11	0.0682348061982943	0.999832843495161	200	0.5
pheno_524	1589	11	0.0723009905840415	0.926869527009483	200	0.5
pheno_525	15167	11	0.0664618596472283	0.999976794716646	200	0.5
pheno_526	8933	14	0.0674130883460812	0.999889929091931	200	0.5
pheno_527	10157	11	0.0701364003396724	0.999928312914462	200	0.5
pheno_528	13697	11	0.076578817906584	0.999970572821203	200	0.5
pheno_529	9422	15	0.0727962825204461	0.999913573465362	200	0.5
pheno_530	8274	11	0.0794239171045731	0.999560118753552	200	0.5
pheno_531	5200	11	0.0719582862991832	0.993242421523966	200	0.5
pheno_532	8773	11	0.0712119090327666	0.999898685074407	200	0.5
pheno_533	5177	11	0.0704015495994159	0.999582774430949	200	0.5
pheno_534	13147	11	0.0699878239551843	0.999971942750298	200	0.5
pheno_535	5589	11	0.0882052079475927	0.999641859933756	200	0.5
pheno_536	11163	11	0.0701296000545365	0.99993868696973	200	0.5
pheno_537	10185	16	0.0696080674057517	0.999937172989404	200	0.5
pheno_538	7965	11	0.065748221289626	0.99980100950576	200	0.5
pheno_539	4817	11	0.0812150664621614	0.999443864931685	200	0.5
pheno_540	7076	12	0.0664507577132844	0.999797096943447	200	0.5
pheno_541	9243	11	0.0671982629201472	0.999890632016788	200	0.5
pheno_542	6372	11	0.0722007320404113	0.999756787949179	200	0.5
pheno_543	10274	11	0.0768158315191226	0.999885087817103	200	0.5
pheno_544	3944	11	0.0819476719483274	0.998394021256741	200	0.5
pheno_545	9655	14	0.0713210338937256	0.999933100292632	200	0.5
pheno_546	8840	17	0.0716800989528261	0.999901722922871	200	0.5
pheno_547	7773	17	0.077483118226684	0.999826538069189	200	0.5
pheno_548	4225	11	0.0647847545153025	0.989030594132655	200	0.5
pheno_549	7514	11	0.0658550609169783	0.999831576207696	200	0.5
pheno_550	1152	11	0.379399079000719	0.936897182732095	200	0.5
pheno_551	2877	11	0.0975034060875669	0.996353036515065	200	0.5
pheno_552	7520	14	0.0686202021301648	0.999832168064832	200	0.5
pheno_553	11221	13	0.0711332861350793	0.999946545763378	200	0.5
pheno_554	3816	15	0.0771926976104982	0.999124415531221	200	0.5
pheno_555	1559	12	0.0747849300070827	0.930327843056469	200	0.5
pheno_556	5792	13	0.0737467529424476	0.999618576133458	200	0.5
pheno_557	10556	11	0.254721261171206	0.999670552084553	200	0.5
pheno_558	1309	11	0.0582138915541749	0.887076716987043	200	0.5
pheno_559	8464	12	0.069482861542197	0.99982380203388	200	0.5
pheno_560	3394	11	0.0931657127454376	0.997731094180822	200	0.5
pheno_561	6724	15	0.312959843397871	0.999002187998137	200	0.5
pheno_562	12909	11	0.0772152890001261	0.999885924180915	200	0.5
pheno_563	3792	16	0.261086041216825	0.973240620213627	200	0.5
pheno_564	17617	11	0.0690134319203407	0.999980531346052	200	0.5
pheno_565	6465	11	0.0658355288359924	0.999770436617968	200	0.5
pheno_566	5594	11	0.0758853985615613	0.996402071768892	200	0.5
pheno_567	11352	11	0.22735417504067	0.999693419114783	200	0.5
pheno_568	7641	14	0.0774610073745978	0.999785011872717	200	0.5
pheno_569	5339	11	0.105962431176347	0.998555677253931	200	0.5
pheno_570	794	16	0.0344658396696287		200	0.5
pheno_571	3522	11	0.0615522181597089	0.998593444963029	200	0.5
pheno_572	5793	11	0.0731186170681447	0.999695677269078	200	0.5
pheno_573	9410	22	0.0767908284339329	0.997188130130234	200	0.5
pheno_574	1678	15	0.0854406516025667	0.990193691189703	200	0.5
pheno_575	9128	13	0.0720149462549119	0.999922667929556	200	0.5
pheno_576	3927	11	0.0805666494408518	0.999159806637077	200	0.5
pheno_577	16204	11	0.0700596953682182	0.999962514547498	200	0.5
pheno_578	7705	12	0.0782406327591407	0.999855413692651	200	0.5
pheno_579	6208	14	0.0743253099299289	0.99621785797011	200	0.5
pheno_580	9910	14	0.0703507102593882	0.999921129370153	200	0.5
pheno_581	10902	11	0.0667292325197011	0.999941743246034	200	0.5
pheno_582	11259	11	0.0823283538221515	0.999892198151143	200	0.5
pheno_583	20829	11	0.0807682084916196	0.999972278803453	200	0.5
pheno_584	4792	11	0.0778181880861362	0.999452700338948	200	0.5
pheno_585	9158	12	0.0718220808831832	0.999863605937599	200	0.5
pheno_586	21169	11	0.0698070375262812	0.999982090479041	200	0.5
pheno_587	4816	17	0.0791363614812298	0.999393448795687	200	0.5
pheno_588	16542	11	0.0650485867495047	0.999979920758849	200	0.5
pheno_589	5958	11	0.0777591247058934	0.999718085691385	200	0.5
pheno_590	3911	11	0.535795609105386	0.994871752130146	200	0.5
pheno_591	241	12	0.0367988007226688	0.6349925667393	200	0.5
pheno_592	1219	11	0.059152187353002	0.944110165130059	200	0.5
pheno_593	2799	19	0.0843250547215078	0.968704270021544	200	0.5
pheno_594	6536	21	0.0817117440985943	0.999683780301284	200	0.5
pheno_595	10817	11	0.0725984043666548	0.999940558397846	200	0.5
pheno_596	8348	15	0.0719777378471434	0.999898493629951	200	0.5
pheno_597	26190	11	0.0645013710319277	0.999986522188305	200	0.5
pheno_598	8470	11	0.0822082334616977	0.999774474699838	200	0.5
pheno_599	11695	13	0.483299381019205	0.999744946609492	200	0.5
pheno_600	9123	12	0.0702656925523417	0.999913815380417	200	0.5
pheno_601	6409	11	0.0778575911193299	0.990526245142489	200	0.5
pheno_602	3712	11	0.116772709722323	0.992060045356357	200	0.5
pheno_603	9003	18	0.0672003077974872	0.999942048069306	200	0.5
pheno_604	11699	11	0.334533767623647	0.99981075764667	200	0.5
pheno_605	12442	11	0.0701773051599336	0.999953992764147	200	0.5
pheno_606	9112	11	0.072206563399157	0.999907207634129	200	0.5
pheno_607	3335	11	0.118452432979153	0.992623620146945	200	0.5
pheno_608	5035	28	0.0968105345980846	0.999322073882159	200	0.5
pheno_609	9421	11	0.0724546400353852	0.999904046915803	200	0.5
pheno_610	12407	11	0.0660049831855515	0.999960696820923	200	0.5
pheno_611	7483	21	0.314386347569161	0.999389894507951	200	0.5
pheno_612	9373	11	0.0618145884259693	0.999907501158948	200	0.5
pheno_613	9140	11	0.0953187172787941	0.99966661703431	200	0.5
pheno_614	7468	16	0.0739741947352827	0.999788501581884	200	0.5
pheno_615	14157	11	0.0657847642442298	0.999974720423046	200	0.5
pheno_616	5752	11	0.444747521210134	0.998343843035481	200	0.5
pheno_617	12210	12	0.0597314743316846	0.999961221851171	200	0.5
pheno_618	1982	11	0.0833074048271182	0.992213215837333	200	0.5
pheno_619	5627	14	0.0810208151522436	0.999423103586898	200	0.5
pheno_620	11846	11	0.0715800322652005	0.999959951470081	200	0.5
pheno_621	6067	11	0.0743984935789496	0.983025816713365	200	0.5
pheno_622	4422	19	0.0950669936963383	0.999329323957562	200	0.5
pheno_623	12738	11	0.0697523533531119	0.999953273248185	200	0.5
pheno_624	4495	11	0.0862707739548298	0.998880719814379	200	0.5
pheno_625	106	11	0.0673389041701013	0.445753936953986	200	0.5
pheno_626	13168	11	0.0687871334799803	0.999970614971916	200	0.5
pheno_627	11417	11	0.354023709211938	0.999792128521089	200	0.5
pheno_628	287	11	0.0574224870631244	0.631845112938093	200	0.5
pheno_629	6884	14	0.0714763479198231	0.999829164986531	200	0.5
pheno_630	2666	15	0.0859248538764859	0.973593269851833	200	0.5
pheno_631	1236	11	0.0561655442745588	0.98244254420728	200	0.5
pheno_632	1835	11	0.105176372914614	0.973026564494254	200	0.5
pheno_633	11057	13	0.0748048609930892	0.999947054436227	200	0.5
pheno_634	1444	11	0.0345686962082809	0.962104613300154	200	0.5
pheno_635	11820	13	0.0681648720876534	0.999930931351923	200	0.5
pheno_636	7661	11	0.0758481769967781	0.999852113880971	200	0.5
pheno_637	3159	14	0.0879797279880718	0.998158011314686	200	0.5
pheno_638	2986	11	0.0609232286358171	0.986011094539206	200	0.5
pheno_639	8658	19	0.0721252098655831	0.999893958126352	200	0.5
pheno_640	14258	11	0.209905456172812	0.999876916681173	200	0.5
pheno_641	4819	18	0.0862235170992093	0.988937008766144	200	0.5
pheno_642	13789	12	0.0704731728201676	0.999962594725782	200	0.5
pheno_643	1583	11	0.0567199330940256		200	0.5
pheno_644	4460	11	0.0740606311043722	0.998058061417813	200	0.5
pheno_645	6771	12	0.490904720669327	0.998570724008815	200	0.5
pheno_646	1026	15	0.0639947953345297	0.959543894926365	200	0.5
pheno_647	4327	19	0.100892262444906	0.998841913304391	200	0.5
pheno_648	5488	11	0.0763607214245081	0.999632969467143	200	0.5
pheno_649	10461	11	0.069867785659002	0.999941775627103	200	0.5
pheno_650	8441	16	0.0679805794012388	0.999860610943837	200	0.5
pheno_651	5355	18	0.211437823766796	0.990250795179326	200	0.5
pheno_652	6254	17	0.0807421395384279	0.999692667971518	200	0.5
pheno_653	21667	11	0.0630123329367653	0.999983922526432	200	0.5
pheno_654	8651	11	0.0734670351905843	0.999905576330903	200	0.5
pheno_655	6693	11	0.0675644269423595	0.999794763482642	200	0.5
pheno_656	713	14	0.0773733412592978	0.870762364334034	200	0.5
pheno_657	5357	11	0.0746407500811862	0.984864471044117	200	0.5
pheno_658	5671	16	0.0880572422824828	0.998875127688717	200	0.5
pheno_659	5613	11	0.267060831846779	0.999019789876491	200	0.5
pheno_660	7586	11	0.0854344957274097	0.999262988250795	200	0.5
pheno_661	5443	11	0.0698176404374377	0.999634970816103	200	0.5
pheno_662	2777	16	0.100650917570381	0.985480120897366	200	0.5
pheno_663	15614	11	0.0744470643717994	0.999952771792394	200	0.5
pheno_664	14423	11	0.066479983677013	0.999970344014736	200	0.5
pheno_665	12538	11	0.0746712536702576	0.999933038585036	200	0.5
pheno_666	9961	11	0.0769354666206269	0.999907091680691	200	0.5
pheno_667	6548	12	0.307082338562031	0.998855673267036	200	0.5
pheno_668	11717	11	0.0710265439491562	0.999957595420049	200	0.5
pheno_669	7447	13	0.0750380481938191	0.999796552805221	200	0.5
pheno_670	10214	11	0.265657397974416	0.99975135425012	200	0.5
pheno_671	10380	11	0.385966391552648	0.999602861569793	200	0.5
pheno_672	8223	11	0.0766969570683272	0.999883965130231	200	0.5
pheno_673	8798	15	0.0882333253010031	0.999602462452581	200	0.5
pheno_674	3645	11	0.0831018464876961	0.995859122275833	200	0.5
pheno_675	4252	16	0.0822328798083853	0.998523095926718	200	0.5
pheno_676	22909	11	0.0599586462288483	0.999982309571495	200	0.5
pheno_677	5751	15	0.0794727452548454	0.999646685129244	200	0.5
pheno_678	1689	18	0.175312225384214	0.985880345745772	200	0.5
pheno_679	9509	17	0.0691569402014584	0.999928313270686	200	0.5
pheno_680	5873	11	0.31348822727975	0.998498033638517	200	0.5
pheno_681	13489	11	0.0703907642738318	0.999964266799603	200	0.5
pheno_682	14473	11	0.0687802386516568	0.999980549812937	200	0.5
pheno_683	7369	11	0.071434239507363	0.999798109332314	200	0.5
pheno_684	10427	14	0.0711957820323797	0.999934741008049	200	0.5
pheno_685	3429	11	0.0723419728527839	0.974842876352808	200	0.5
pheno_686	7465	11	0.0688783986560573	0.999810720939613	200	0.5
pheno_687	6364	11	0.0690348777549123	0.999738260593481	200	0.5
pheno_688	8450	12	0.0857612953986142	0.999710267342101	200	0.5
pheno_689	8000	13	0.0701207872200448	0.999854302195687	200	0.5
pheno_690	4849	11	0.0789827105881917	0.998040882588156	200	0.5
pheno_691	10429	11	0.269131889643026	0.999733764366859	200	0.5
pheno_692	4613	11	0.0834216937260003	0.999296938915151	200	0.5
pheno_693	15691	11	0.0690365994323055	0.999977936768212	200	0.5
pheno_694	16167	11	0.0668354472025852	0.999979454624927	200	0.5
pheno_695	4279	25	0.103724769411397	0.999169744909326	200	0.5
pheno_696	10579	12	0.0680368597004351	0.999926691573529	200	0.5
pheno_697	17497	11	0.0660711154089094	0.99998167305489	200	0.5
pheno_698	6354	11	0.0823703083028422	0.998311692238771	200	0.5
pheno_699	7901	14	0.0687059401345056	0.999897258285976	200	0.5
pheno_700	6702	13	0.0722689902360567	0.999809136491928	200	0.5
pheno_701	9871	13	0.264726971841498	0.999745502712846	200	0.5
pheno_702	13863	11	0.0796940510113759	0.99989454287718	200	0.5
pheno_703	2050	22	0.128850565166962	0.994396953505989	200	0.5
pheno_704	8042	19	0.0767278440964853	0.999866448731446	200	0.5
pheno_705	13372	11	0.0670925364307622	0.99996445739795	200	0.5
pheno_706	14865	11	0.0672766635616799	0.999978287900244	200	0.5
pheno_707	12214	11	0.0701080024057337	0.999936643833284	200	0.5
pheno_708	5396	14	0.0947643869359878	0.999042287216418	200	0.5
pheno_709	11898	11	0.325070042279277	0.999820299298708	200	0.5
pheno_710	2777	11	0.0976996970563015	0.991224633140872	200	0.5
pheno_711	6036	12	0.0813427440200515	0.999725215999223	200	0.5
pheno_712	7391	13	0.0711461405636981	0.999775509033742	200	0.5
pheno_713	8731	14	0.0937915765562482	0.999614225859313	200	0.5
pheno_714	10967	12	0.0736149658358546	0.999927801109006	200	0.5
pheno_715	12650	11	0.0727353845166043	0.999864659341003	200	0.5
pheno_716	5711	20	0.0871382405347431	0.998239719394895	200	0.5
pheno_717	7358	11	0.296976611043538	0.999357303813778	200	0.5
pheno_718	7243	15	0.260153954484493	0.999248838656596	200	0.5
pheno_719	5820	11	0.0646749303776048	0.999695765928922	200	0.5
pheno_720	13075	11	0.0689325329443781	0.99996447415086	200	0.5
pheno_721	8314	20	0.067029392626173	0.999876617732664	200	0.5
pheno_722	11200	11	0.067220573402843	0.999939121611056	200	0.5
pheno_723	5260	11	0.0706195900168985	0.999533092726	200	0.5
pheno_724	2390	11	0.0756523551295579	0.99708556466448	200	0.5
pheno_725	3466	15	0.200098215957619	0.995647992966027	200	0.5
pheno_726	6159	11	0.0685218706152068	0.999605031004463	200	0.5
pheno_727	22116	11	0.0643345389982138	0.999985586189381	200	0.5
pheno_728	4326	15	0.0771280251507611	0.991536687134551	200	0.5
pheno_729	8103	11	0.082517074120209	0.999752540571258	200	0.5
pheno_730	8553	15	0.0763833190222496	0.999872307403174	200	0.5
pheno_731	4091	11	0.079939330541751	0.968208242115844	200	0.5
pheno_732	24795	11	0.0663953255306678	0.999990160882199	200	0.5
pheno_733	11683	11	0.0750445506780626	0.99993978494179	200	0.5
pheno_734	10932	11	0.0725861263904286	0.999948946484034	200	0.5
pheno_735	1899	15	0.0626827380905818	0.878928229052076	200	0.5
pheno_736	7275	13	0.0721147270910746	0.999757995612542	200	0.5
pheno_737	9614	13	0.0724744449051928	0.999883376636412	200	0.5
pheno_738	2224	13	0.28499479281755	0.984226549247947	200	0.5
pheno_739	6313	12	0.0727979991903423	0.999782650738237	200	0.5
pheno_740	9815	17	0.0704109963200109	0.999917324636955	200	0.5
pheno_741	5067	11	0.0744657903476027	0.977296397879226	200	0.5
pheno_742	6517	11	0.104294042679909	0.998964229667094	200	0.5
pheno_743	3250	26	0.502360540385566	0.993797102696464	200	0.5
pheno_744	11508	14	0.066065069835845	0.999940224495929	200	0.5
pheno_745	7806	11	0.0651543392687412	0.999862274801305	200	0.5
pheno_746	6948	18	0.0846789644958444	0.999703046009528	200	0.5
pheno_747	7699	12	0.0755403250010879	0.999854480317891	200	0.5
pheno_748	2038	11	0.25369443837371	0.983380410075844	200	0.5
pheno_749	7468	15	0.0759219542563814	0.999817060982245	200	0.5
pheno_750	22987	11	0.0659914041888074	0.999983809785109	200	0.5
pheno_751	14599	14	0.0678916969718096	0.999972646673982	200	0.5
pheno_752	6155	18	0.074921497975777	0.999692518673329	200	0.5
pheno_753	3792	15	0.0786882088049536	0.983212037682835	200	0.5
pheno_754	3763	15	0.461831195451386	0.992561585487478	200	0.5
pheno_755	416	17	0.0163244600353573	0.690455198093544	200	0.5
pheno_756	3635	20	0.102402331069218	0.998430833959239	200	0.5
pheno_757	6110	15	0.341794100122607	0.998179351336819	200	0.5
pheno_758	6480	11	0.0671328501918187	0.99975350549648	200	0.5
pheno_759	15663	11	0.0708381053632394	0.999944820446344	200	0.5
pheno_760	10887	11	0.0641426473646368	0.999952306136581	200	0.5
pheno_761	9734	11	0.0980906057807199	0.999646953637763	200	0.5
pheno_762	6972	11	0.0683559201090643	0.992132453498831	200	0.5
pheno_763	3820	11	0.0698188690182417	0.982849502462063	200	0.5
pheno_764	764	12	0.0540157089523038	0.909100017058244	200	0.5
pheno_765	2434	13	0.072463859814741	0.995890030405763	200	0.5
pheno_766	5876	11	0.0704638180899107	0.999759974634655	200	0.5
pheno_767	8492	11	0.0748314644078962	0.999850652484139	200	0.5
pheno_768	5223	11	0.0761358126252963	0.999362355757943	200	0.5
pheno_769	3984	11	0.096807242080937	0.998088304531603	200	0.5
pheno_770	11705	15	0.0733860928171023	0.999954717488989	200	0.5
pheno_771	4225	22	0.101283862519855	0.996192748167758	200	0.5
pheno_772	10323	15	0.0730228894840913	0.999934112666357	200	0.5
pheno_773	1830	15	0.0786060191945658	0.981155318211086	200	0.5
pheno_774	5548	19	0.0853495323938452	0.999628807465953	200	0.5
pheno_775	21431	11	0.0631132918234672	0.999985625539915	200	0.5
pheno_776	5652	12	0.0730192800315205	0.999752302928428	200	0.5
pheno_777	11007	14	0.0725719389638128	0.999952880941929	200	0.5
pheno_778	13006	11	0.0665693020342058	0.99996470263175	200	0.5
pheno_779	18249	11	0.0806238017917713	0.999955208728949	200	0.5
pheno_780	4360	16	0.102104598733649	0.98977094395132	200	0.5
pheno_781	12107	11	0.0684317417445811	0.99995934893462	200	0.5
pheno_782	3948	18	0.10687328046447	0.996303574114233	200	0.5
pheno_783	10380	11	0.431765861453235	0.999507178325578	200	0.5
pheno_784	4780	16	0.0949794077008204	0.998025853748864	200	0.5
pheno_785	6735	18	0.319092394783077	0.999124827994721	200	0.5
pheno_786	17667	11	0.0646472262165329	0.999982259376425	200	0.5
pheno_787	6847	11	0.0762756297209714	0.999705618535685	200	0.5
pheno_788	651	13	0.0409342848066612	0.749702043382099	200	0.5
pheno_789	9549	11	0.0931022262867262	0.999607651766851	200	0.5
pheno_790	6449	12	0.0692704633221099	0.99978171955847	200	0.5
pheno_791	7551	11	0.0926017924583779	0.999664787200802	200	0.5
pheno_792	7540	19	0.0778507985429865	0.999802566486728	200	0.5
pheno_793	3960	11	0.0844434775099571	0.998478399914457	200	0.5
pheno_794	4036	25	0.098707457202109	0.972702815651881	200	0.5
pheno_795	15879	11	0.068051739226951	0.999977059884049	200	0.5
pheno_796	22339	11	0.0646101770460741	0.999986385051665	200	0.5
pheno_797	10656	11	0.0744998119066456	0.999935499778391	200	0.5
pheno_798	2124	11	0.0765483459664957	0.990597579949204	200	0.5
pheno_799	4105	11	0.345468924815146	0.996596051824272	200	0.5
pheno_800	20154	11	0.0648429398479918	0.999984749131611	200	0.5
pheno_801	8273	11	0.0651799952688878	0.999879922777091	200	0.5
pheno_802	21365	11	0.084432587810655	0.999959167496416	200	0.5
pheno_803	6719	15	0.33435486925566	0.998654157350638	200	0.5
pheno_804	8403	16	0.0760883739340582	0.99985241896085	200	0.5
pheno_805	17846	11	0.0672623497234644	0.999981446764266	200	0.5
pheno_806	15200	11	0.0692887755562833	0.999978388190561	200	0.5
pheno_807	10232	11	0.0883530749482968	0.999749096432256	200	0.5
pheno_808	4967	17	0.0811627993886124	0.999452873597445	200	0.5
pheno_809	9544	14	0.0718235325995304	0.999901980450626	200	0.5
pheno_810	12498	11	0.0721058771652979	0.999954254839511	200	0.5
pheno_811	2841	14	0.0917455110642279	0.989112093506947	200	0.5
pheno_812	8182	14	0.0719752710908988	0.999836410393852	200	0.5
pheno_813	6482	20	0.0834586108611328	0.999704283387177	200	0.5
pheno_814	12157	11	0.213830226662913	0.999897189694277	200	0.5
pheno_815	1682	11	0.0248464153239256	0.871007649650427	200	0.5
pheno_816	4616	19	0.0873241995211124	0.999450930105272	200	0.5
pheno_817	3132	12	0.280090644418672	0.993766483589407	200	0.5
pheno_818	8666	11	0.0690747391020345	0.999833955998661	200	0.5
pheno_819	6801	11	0.266324431845485	0.999505323743346	200	0.5
pheno_820	11755	12	0.0709630346665748	0.99995177535908	200	0.5
pheno_821	5497	11	0.0750361527475305	0.999528356745211	200	0.5
pheno_822	5766	12	0.0769453511181735	0.999589775521101	200	0.5
pheno_823	9014	15	0.0735039182304242	0.999864527661411	200	0.5
pheno_824	7141	11	0.066064750817919	0.999800666529634	200	0.5
pheno_825	6979	11	0.0710470345622539	0.999800115064838	200	0.5
pheno_826	16908	11	0.0697379435894744	0.999975207125475	200	0.5
pheno_827	4611	14	0.0775994533633507	0.999302998915851	200	0.5
pheno_828	4248	11	0.0782396346646644	0.998974108901358	200	0.5
pheno_829	5555	17	0.0822054485184274	0.994559901323711	200	0.5
pheno_830	6935	20	0.0827513593951739	0.999412193631659	200	0.5
pheno_831	9335	16	0.0828031796768868	0.999742970555253	200	0.5
pheno_832	11410	11	0.0717756172861091	0.999937602340652	200	0.5
pheno_833	14820	11	0.072138928191808	0.999957036193039	200	0.5
pheno_834	10588	11	0.0612693043881428	0.999938698558509	200	0.5
pheno_835	13426	15	0.0713728946766437	0.99996670962786	200	0.5
pheno_836	1472	11	0.0607400577918527	0.973183348721046	200	0.5
pheno_837	10638	12	0.0707016791221619	0.99995161462164	200	0.5
pheno_838	7746	13	0.0783907268271939	0.998294529158993	200	0.5
pheno_839	4001	14	0.06864861237393		200	0.5
pheno_840	7367	12	0.113819685136893	0.984131307817791	200	0.5
pheno_841	6522	23	0.0753556120806373	0.999759764531837	200	0.5
pheno_842	5523	11	0.0762118319707604	0.999468370711812	200	0.5
pheno_843	13699	11	0.0667771796406999	0.999969846362709	200	0.5
pheno_844	8908	20	0.0713256941813226	0.999899103549091	200	0.5
pheno_845	11800	11	0.0697036970231644	0.999948632314668	200	0.5
pheno_846	9104	11	0.074235740595085	0.99982547665743	200	0.5
pheno_847	9085	17	0.0715824877606932	0.99989841396276	200	0.5
pheno_848	7866	12	0.0796574510638458	0.999840012297182	200	0.5
pheno_849	6324	13	0.0809430453301926	0.999696426353283	200	0.5
pheno_850	8813	12	0.0916310024040761	0.99962297454034	200	0.5
pheno_851	15876	11	0.0677425238210893	0.999977699446433	200	0.5
pheno_852	28153	11	0.0626704202917386	0.999987686136562	200	0.5
pheno_853	4548	11	0.0807314869975613	0.997831236497073	200	0.5
pheno_854	5815	11	0.0683509962330625	0.998992102565337	200	0.5
pheno_855	17157	11	0.0805927685251277	0.999940622125278	200	0.5
pheno_856	10567	11	0.0706514329606567	0.999934739193663	200	0.5
pheno_857	3397	12	0.064235392343434	0.96711237699457	200	0.5
pheno_858	5211	11	0.0968777134297414	0.998328383268943	200	0.5
pheno_859	15650	11	0.065450440728382	0.999979927277863	200	0.5
pheno_860	9312	12	0.0704883776193255	0.99992818351441	200	0.5
pheno_861	6202	14	0.0776737492825512	0.999630545912921	200	0.5
pheno_862	7251	17	0.0749196089817379	0.999838397381321	200	0.5
pheno_863	7382	11	0.0669652989452719	0.999796259961152	200	0.5
pheno_864	3106	11	0.0810082360126894	0.976831605352231	200	0.5
pheno_865	8479	16	0.0662238825998138	0.999843284220701	200	0.5
pheno_866	11307	11	0.0707335962450145	0.999945811156034	200	0.5
pheno_867	1148	11	0.012401919622245		200	0.5
pheno_868	5032	14	0.0692291784969476	0.999434974742799	200	0.5
pheno_869	6785	19	0.0750692198600369	0.999806065036369	200	0.5
pheno_870	10688	14	0.0715882128725373	0.999935096062311	200	0.5
pheno_871	4944	17	0.0863560507519928	0.992075308271278	200	0.5
pheno_872	2904	15	0.0862879617698036	0.996774190578202	200	0.5
pheno_873	22393	11	0.0681222395447749	0.999978441085627	200	0.5
pheno_874	10144	15	0.0668844539729141	0.999903681747156	200	0.5
pheno_875	4537	11	0.0762190533353143	0.999077055510983	200	0.5
pheno_876	2860	11	0.0628942978215074	0.95913337362221	200	0.5
pheno_877	9036	13	0.0703967073414211	0.999901686477889	200	0.5
pheno_878	7280	12	0.0693074484142596	0.999865558411029	200	0.5
pheno_879	22484	11	0.0628687566837538	0.999983436761108	200	0.5
pheno_880	3437	13	0.0790434035080037	0.945576425797985	200	0.5
pheno_881	9024	15	0.218798052274967	0.999707371729058	200	0.5
pheno_882	4055	11	0.0741318063812772	0.999160632611607	200	0.5
pheno_883	9535	13	0.223446386878686	0.999747172644644	200	0.5
pheno_884	2897	11	0.0860561465729092	0.997064184423909	200	0.5
pheno_885	11729	14	0.0692843586294007	0.99995408577773	200	0.5
pheno_886	17891	11	0.249203543963708	0.999932420501757	200	0.5
pheno_887	2731	15	0.111936347723007	0.9841710519879	200	0.5
pheno_888	1702	14	0.0644703942639447	0.965959752185381	200	0.5
pheno_889	12295	12	0.0723642249293584	0.999958186237493	200	0.5
pheno_890	2418	11	0.0744883529552651	0.963124691684784	200	0.5
pheno_891	3590	11	0.0839406332554891	0.973329302814074	200	0.5
pheno_892	9332	11	0.0814894140539409	0.999700723215596	200	0.5
pheno_893	6763	16	0.0936426776852462	0.999387196650201	200	0.5
pheno_894	8370	14	0.0756899493930979	0.999819432694126	200	0.5
pheno_895	8417	11	0.0694667116780097	0.999878336618202	200	0.5
pheno_896	12007	12	0.228548595334779	0.999798126899884	200	0.5
pheno_897	3146	11	0.0587039574974876	0.957810190205492	200	0.5
pheno_898	12703	12	0.0722386343894615	0.999951648818737	200	0.5
pheno_899	10654	11	0.0866580645979256	0.99982029018417	200	0.5
pheno_900	15055	11	0.066051410257874	0.999976090380446	200	0.5
pheno_901	7995	11	0.0771185322874742	0.999855244107867	200	0.5
pheno_902	12322	11	0.0716629446840706	0.99996176273178	200	0.5
pheno_903	3478	11	0.0868696556858634	0.998479581995886	200	0.5
pheno_904	3375	11	0.0867804101913693	0.998084980986877	200	0.5
pheno_905	4791	11	0.0751762394001904	0.997131346161084	200	0.5
pheno_906	16252	11	0.0679401198341017	0.999980306699688	200	0.5
pheno_907	14067	11	0.0678769325680092	0.999965569315694	200	0.5
pheno_908	4427	11	0.0795369027806001	0.997821410487047	200	0.5
pheno_909	4665	11	0.0686203110822374	0.976864198757849	200	0.5
pheno_910	16438	11	0.0666077364931709	0.999978116335817	200	0.5
pheno_911	7890	14	0.0738950212421388	0.999819156636482	200	0.5
pheno_912	9301	17	0.0725520929400794	0.999892619837684	200	0.5
pheno_913	5293	11	0.0723799018147274	0.999575672716823	200	0.5
pheno_914	4396	11	0.37426073158653	0.996392848187992	200	0.5
pheno_915	12159	11	0.0654488922239657	0.999949148643483	200	0.5
pheno_916	10670	11	0.245553489551814	0.999735074943984	200	0.5
pheno_917	6962	19	0.0742786554019906	0.999824071642592	200	0.5
pheno_918	3602	11	0.090964195155695	0.991334035103128	200	0.5
pheno_919	3609	11	0.0855791374082079	0.998883996194849	200	0.5
pheno_920	5076	20	0.073346575833048	0.989629602381795	200	0.5
pheno_921	8356	11	0.0706373626118481	0.999860428839873	200	0.5
pheno_922	3769	19	0.13588104266317	0.996236974867653	200	0.5
pheno_923	8853	18	0.074149875751449	0.99983569071816	200	0.5
pheno_924	22838	11	0.0660111964745334	0.999986095972025	200	0.5
pheno_925	947	11	0.0150712558069419	0.88493556038904	200	0.5
pheno_926	6761	20	0.0759584282861223	0.999838268708217	200	0.5
pheno_927	2623	11	0.0727651919451437	0.996529582449712	200	0.5
pheno_928	11302	13	0.0695225573943663	0.999930873254477	200	0.5
pheno_929	9557	14	0.0718108665331792	0.999900272657364	200	0.5
pheno_930	5717	11	0.0694371511382665	0.999645834604492	200	0.5
pheno_931	5635	11	0.0683294764425198	0.999481161278684	200	0.5
pheno_932	2825	11	0.100771931451198	0.995181949554516	200	0.5
pheno_933	9115	15	0.0720383284685603	0.999887082628392	200	0.5
pheno_934	5774	11	0.0744517811018912	0.999631933742357	200	0.5
pheno_935	8012	11	0.0799346254228391	0.999862725094408	200	0.5
pheno_936	21170	11	0.0628300019233772	0.99998429923875	200	0.5
pheno_937	4649	11	0.0761069580571645	0.981647245091964	200	0.5
pheno_938	12317	13	0.070569113874199	0.999958120131777	200	0.5
pheno_939	1997	11	0.0447756034831955	0.933962850518641	200	0.5
pheno_940	11360	11	0.0701937229762063	0.999953191874828	200	0.5
pheno_941	31386	11	0.0585961147908616	0.999989105410678	200	0.5
pheno_942	6752	11	0.0774273695895089	0.999760623123108	200	0.5
pheno_943	3206	12	0.0880793192651934	0.978671882710432	200	0.5
pheno_944	4868	11	0.0732383565209967	0.999304222265003	200	0.5
pheno_945	6833	11	0.0653418245970948	0.999642436419549	200	0.5
pheno_946	8803	11	0.0727652987691074	0.999873467754251	200	0.5
pheno_947	18168	11	0.0651407407613839	0.99998473172959	200	0.5
pheno_948	10153	11	0.0894736472197415	0.999745595859985	200	0.5
pheno_949	3714	19	0.0912984305002319	0.988154609600472	200	0.5
pheno_950	6228	13	0.073992225354794	0.999603422293189	200	0.5
pheno_951	407	11	0.0695983899898108	0.781920891033648	200	0.5
pheno_952	14963	11	0.0678729314571516	0.99997772173253	200	0.5
pheno_953	6604	11	0.0811397811963046	0.999688426738443	200	0.5
pheno_954	8755	11	0.0883949354953606	0.999624424603232	200	0.5
pheno_955	8930	13	0.0788337563225988	0.99991209060277	200	0.5
pheno_956	4640	11	0.0754577738261932	0.999300401372156	200	0.5
pheno_957	665	11	0.0366669408206227	0.756082774624957	200	0.5
pheno_958	5119	11	0.0732496593763214	0.999534762932633	200	0.5
pheno_959	6440	15	0.0805508985854385	0.999778589758411	200	0.5
pheno_960	8176	13	0.0748798517952652	0.999874198373365	200	0.5
pheno_961	13114	11	0.0672631601788437	0.999960415502004	200	0.5
pheno_962	3155	11	0.068891075656	0.998080350038017	200	0.5
pheno_963	7996	11	0.0647439039589765	0.999846035894317	200	0.5
pheno_964	11663	11	0.0679164288718081	0.999955515055134	200	0.5
pheno_965	9805	15	0.0758614597906582	0.999887323676052	200	0.5
pheno_966	10237	12	0.0683478318126597	0.99992855155404	200	0.5
pheno_967	3270	17	0.0859546853770193	0.998326860319284	200	0.5
pheno_968	6850	11	0.0651760821649053	0.999802319547494	200	0.5
pheno_969	5903	13	0.0933537625674837	0.999158230027566	200	0.5
pheno_970	3879	11	0.0785960275789415	0.998930645039256	200	0.5
pheno_971	8199	16	0.0777706372109356	0.99983678132394	200	0.5
pheno_972	5473	13	0.0797986266170722	0.999581521838532	200	0.5
pheno_973	6933	16	0.405505423152715	0.998692419321247	200	0.5
pheno_974	18706	11	0.0675147421162427	0.999981745937107	200	0.5
pheno_975	1065	11	0.264452557257056	0.936448220943852	200	0.5
pheno_976	4864	11	0.0664515598795686	0.99940616906162	200	0.5
pheno_977	747	11	0.0200354267045501	0.8435382419868	200	0.5
pheno_978	7293	12	0.336740925339697	0.999011932765684	200	0.5
pheno_979	6695	15	0.074698852452137	0.999776783583863	200	0.5
pheno_980	15428	11	0.0695770881682605	0.999974439158204	200	0.5
pheno_981	15313	11	0.070784493007815	0.999963934711178	200	0.5
pheno_982	8972	11	0.0891372513803443	0.999543239824719	200	0.5
pheno_983	17949	11	0.0716500582167075	0.999961898849965	200	0.5
pheno_984	400	12	0.0241632519354097	0.730659311460856	200	0.5
pheno_985	18165	11	0.0643758551044297	0.99998275081612	200	0.5
pheno_986	7133	11	0.0683163506510596	0.997924455320729	200	0.5
pheno_987	9367	13	0.07385783151987	0.999901555918849	200	0.5
pheno_988	6395	11	0.261013993963191	0.998899916590403	200	0.5
pheno_989	7387	11	0.0835973268288157	0.999843795140272	200	0.5
pheno_990	10496	11	0.413786973430488	0.999649119326801	200	0.5
pheno_991	5482	11	0.0708772604543088	0.999572812788832	200	0.5
pheno_992	14922	11	0.430557054881649	0.99984788304362	200	0.5
pheno_993	7926	16	0.0681721219576932	0.999854570808915	200	0.5
pheno_994	3641	17	0.0993464902587487	0.973829210471873	200	0.5
pheno_995	16448	14	0.0640485648230039	0.999979219953837	200	0.5
pheno_996	5014	11	0.0713074377027312	0.999456013595956	200	0.5
pheno_997	15755	11	0.0696343853479546	0.999980384111718	200	0.5
pheno_998	12489	12	0.0715966803351939	0.999964266954117	200	0.5
pheno_999	6163	17	0.0828676885279749	0.999768938002318	200	0.5
pheno_1000	11268	11	0.0669367596042426	0.999948635727578	200	0.5
