"contrast","estimate","SE","df","z.ratio","p.value","h2_category","group1","group2","y.position","p.adj.signif","t.ratio"
"caudate - dlpfc",-0.0890913452546805,0.00686625941139784,Inf,-12.9752373041413,5.07215693071189e-38,"Non-heritable","caudate","dlpfc",5.13783168313669,"***",NA
"caudate - hippocampus",-0.0781269977910912,0.00675461118622583,Inf,-11.5664685408406,1.82818964314191e-30,"Non-heritable","caudate","hippocampus",5.13783168313669,"***",NA
"dlpfc - hippocampus",0.0109643474635893,0.00748529062883249,Inf,1.46478580555789,0.428938097224981,"Non-heritable","dlpfc","hippocampus",5.13783168313669,"ns",NA
"caudate - dlpfc",0.0220749076997371,0.00725149706381112,Inf,3.04418625636667,0.00699931933513309,"Heritable","caudate","dlpfc",5.203187691605,"**",NA
"caudate - hippocampus",0.0300235499245806,0.00723593497641146,Inf,4.1492288173477,0.000100079167807974,"Heritable","caudate","hippocampus",5.203187691605,"***",NA
"dlpfc - hippocampus",0.00794864222484356,0.00712874259037298,Inf,1.11501321924259,0.79453427093596,"Heritable","dlpfc","hippocampus",5.203187691605,"ns",NA
"caudate - dlpfc",-0.00915861272851431,0.0885664860767108,143.318262249567,NA,1,"Low prediction","caudate","dlpfc",4.10704587242733,"ns",-0.103409462588159
"caudate - hippocampus",-0.00427248658135902,0.0895115874040471,143.345462405322,NA,1,"Low prediction","caudate","hippocampus",4.10704587242733,"ns",-0.0477311005788938
"dlpfc - hippocampus",0.00488612614715529,0.0904368431242309,137.098484520689,NA,1,"Low prediction","dlpfc","hippocampus",4.10704587242733,"ns",0.0540280485072144
