disease	tissue	ancestry	annotation	Coefficient_z-score	p_value	FDR_q
pd	caudate	AA	ANNOT_Q1L2_1	1.5210937983135815	0.12823630055409008	0.7694178033245405
pd	caudate	AA	ANNOT_Q2L2_1	0.2992216954010499	0.7647708966576765	0.9364541591726652
pd	caudate	AA	ANNOT_Q3L2_1	-1.0094732354509872	0.3127477312302216	0.9061199062477041
pd	caudate	AA	ANNOT_Q4L2_1	-1.5596002104660258	0.11885438675408233	0.7694178033245405
pd	caudate	AA	ANNOT_Q5L2_1	0.60637240205815	0.5442674903846396	0.9170727424603844
pd	hippocampus	AA	ANNOT_Q1L2_1	0.1935753948496219	0.8465083658183135	0.9697693158734251
pd	hippocampus	AA	ANNOT_Q2L2_1	-0.564314281030882	0.5725402640159061	0.9170727424603844
pd	hippocampus	AA	ANNOT_Q3L2_1	0.4925205868576943	0.6223513721154199	0.9170727424603844
pd	hippocampus	AA	ANNOT_Q4L2_1	-1.5863630209060435	0.1126569838705711	0.7694178033245405
pd	hippocampus	AA	ANNOT_Q5L2_1	0.947249242331576	0.34351178849976316	0.9061199062477041
pd	dlpfc	AA	ANNOT_Q1L2_1	0.9018093474524042	0.367158153438921	0.9061199062477041
pd	dlpfc	AA	ANNOT_Q2L2_1	-2.392241844758094	0.016745803940408033	0.4330534948958906
pd	dlpfc	AA	ANNOT_Q3L2_1	1.1183023651857162	0.2634378771209196	0.9061199062477041
pd	dlpfc	AA	ANNOT_Q4L2_1	0.9836540314778142	0.32528564899115775	0.9061199062477041
pd	dlpfc	AA	ANNOT_Q5L2_1	-0.0289059344856307	0.976939612565884	0.9909141591665618
scz	caudate	AA	ANNOT_Q1L2_1	0.2152444034824659	0.8295767731874291	0.9697693158734251
scz	caudate	AA	ANNOT_Q2L2_1	-0.7792620663229607	0.4358253553464957	0.9061199062477041
scz	caudate	AA	ANNOT_Q3L2_1	-0.0483270195051296	0.9614556212555458	0.9909141591665618
scz	caudate	AA	ANNOT_Q4L2_1	0.5025454942218744	0.6152838590028171	0.9170727424603844
scz	caudate	AA	ANNOT_Q5L2_1	0.062835528367208	0.9498974742106312	0.9909141591665618
scz	hippocampus	AA	ANNOT_Q1L2_1	-0.7199684343193917	0.47154443084847975	0.9061199062477041
scz	hippocampus	AA	ANNOT_Q2L2_1	-0.3683653205863174	0.7126008524075031	0.9294793727054388
scz	hippocampus	AA	ANNOT_Q3L2_1	-1.8118276143062484	0.07001283685963977	0.7001283685963977
scz	hippocampus	AA	ANNOT_Q4L2_1	-1.6336943141016838	0.10232305286114673	0.7694178033245405
scz	hippocampus	AA	ANNOT_Q5L2_1	-1.3257000081839057	0.18493908471986442	0.9061199062477041
scz	dlpfc	AA	ANNOT_Q1L2_1	1.1976695207723131	0.2310456995183452	0.9061199062477041
scz	dlpfc	AA	ANNOT_Q2L2_1	-0.0261455301823173	0.9791412616270709	0.9909141591665618
scz	dlpfc	AA	ANNOT_Q3L2_1	-0.4437332328324107	0.6572354654299422	0.9170727424603844
scz	dlpfc	AA	ANNOT_Q4L2_1	-0.9839186642643564	0.32515550596954457	0.9061199062477041
scz	dlpfc	AA	ANNOT_Q5L2_1	-2.161621130913473	0.030647391328473272	0.4330534948958906
ad	caudate	AA	ANNOT_Q1L2_1	0.3983726443208102	0.6903555194572439	0.9294793727054388
ad	caudate	AA	ANNOT_Q2L2_1	0.0113876588841011	0.9909141591665618	0.9909141591665618
ad	caudate	AA	ANNOT_Q3L2_1	-1.0186295631697249	0.3083788637388838	0.9061199062477041
ad	caudate	AA	ANNOT_Q4L2_1	-0.320961885675309	0.7482392748072504	0.9364541591726652
ad	caudate	AA	ANNOT_Q5L2_1	-0.5259705158615463	0.5989086927509122	0.9170727424603844
ad	hippocampus	AA	ANNOT_Q1L2_1	0.7142045246572652	0.4751007194400687	0.9061199062477041
ad	hippocampus	AA	ANNOT_Q2L2_1	-0.7936333514944984	0.42740891063892184	0.9061199062477041
ad	hippocampus	AA	ANNOT_Q3L2_1	0.2427497862317887	0.8081992368866258	0.9697693158734251
ad	hippocampus	AA	ANNOT_Q4L2_1	-1.2308243336967333	0.21838857239915122	0.9061199062477041
ad	hippocampus	AA	ANNOT_Q5L2_1	-0.5781754277987632	0.5631456866944804	0.9170727424603844
ad	dlpfc	AA	ANNOT_Q1L2_1	0.6770630548446243	0.49836594843623727	0.9061199062477041
ad	dlpfc	AA	ANNOT_Q2L2_1	0.6785398166527177	0.4974294871266043	0.9061199062477041
ad	dlpfc	AA	ANNOT_Q3L2_1	-0.8016482262372466	0.42275647247855597	0.9061199062477041
ad	dlpfc	AA	ANNOT_Q4L2_1	-2.269033117432158	0.023266312015029156	0.4330534948958906
ad	dlpfc	AA	ANNOT_Q5L2_1	0.1190631980949679	0.9052252869576451	0.9909141591665618
smoking	caudate	AA	ANNOT_Q1L2_1	-0.7428631958765898	0.4575645100004728	0.9061199062477041
smoking	caudate	AA	ANNOT_Q2L2_1	0.0457584043324766	0.963502812594216	0.9909141591665618
smoking	caudate	AA	ANNOT_Q3L2_1	-0.8482449147448247	0.3963015882966143	0.9061199062477041
smoking	caudate	AA	ANNOT_Q4L2_1	0.4723143249181915	0.6367024470380251	0.9170727424603844
smoking	caudate	AA	ANNOT_Q5L2_1	0.8858154760275896	0.37571696892787565	0.9061199062477041
smoking	hippocampus	AA	ANNOT_Q1L2_1	0.47734520149949	0.6331163285441641	0.9170727424603844
smoking	hippocampus	AA	ANNOT_Q2L2_1	-0.7177643693321476	0.47290258627432324	0.9061199062477041
smoking	hippocampus	AA	ANNOT_Q3L2_1	-2.225280583919251	0.0260624080432168	0.4330534948958906
smoking	hippocampus	AA	ANNOT_Q4L2_1	-0.3186303883997081	0.7500068069925714	0.9364541591726652
smoking	hippocampus	AA	ANNOT_Q5L2_1	0.1806662360412237	0.8566295623548588	0.9697693158734251
smoking	dlpfc	AA	ANNOT_Q1L2_1	0.4642424492793419	0.6424740513203573	0.9170727424603844
smoking	dlpfc	AA	ANNOT_Q2L2_1	-0.6802035912068166	0.49637555876667294	0.9061199062477041
smoking	dlpfc	AA	ANNOT_Q3L2_1	-2.09593687273592	0.03608779124132422	0.4330534948958906
smoking	dlpfc	AA	ANNOT_Q4L2_1	-1.0683125075563245	0.2853795683938718	0.9061199062477041
smoking	dlpfc	AA	ANNOT_Q5L2_1	-0.3826965829386172	0.7019447483578021	0.9294793727054388
