"id","genome_fraction","observed_region_hits","fold_enrichment","p_value","p_adjust","mean_tss_dist","observed_gene_hits","gene_set_size","fold_enrichment_hyper","p_value_hyper","p_adjust_hyper"
"hsa03250",0.00466426294882457,42,1.79769178090877,0.000314380045769114,0.104688555241115,102142,26,26,1.00631941784757,0.848589272102452,0.998660532002881
"hsa05135",0.0117449855105404,81,1.37683374570186,0.00334534379409335,0.334231194851746,115161,43,43,1.00631941784757,0.761875761497293,0.998660532002881
"hsa04981",0.000628909700447856,9,2.85695358211482,0.0051652984395032,0.334231194851746,78450,6,6,1.00631941784757,0.962890813484794,0.998660532002881
"hsa04810",0.0191506232275594,122,1.27182069348554,0.00540545638636547,0.334231194851746,122384,75,75,1.00631941784757,0.621366545797219,0.998660532002881
"hsa04014",0.019726843983904,125,1.26503159222144,0.00577725195366474,0.334231194851746,145604,79,79,1.00631941784757,0.605678663071489,0.998660532002881
"hsa03013",0.00493106529813161,38,1.53847984585216,0.00757868346924906,0.334231194851746,75417,26,26,1.00631941784757,0.848589272102452,0.998660532002881
"hsa04217",0.00889926597069048,61,1.36843639656188,0.0108556976846808,0.334231194851746,87580,38,38,1.00631941784757,0.786445584855152,0.998660532002881
"hsa04520",0.00910382304779714,62,1.35961782636012,0.0116393370985441,0.334231194851746,160149,37,37,1.00631941784757,0.791450928018164,0.998660532002881
"hsa04151",0.0287792694832868,172,1.193157153474,0.0119704364298544,0.334231194851746,166876,107,108,0.997001645460091,0.85328159507886,0.998660532002881
"hsa04662",0.00627669960586604,45,1.43129824138951,0.0129967740319682,0.334231194851746,127745,20,20,1.00631941784757,0.881421146618562,0.998660532002881
"hsa04380",0.00933834050488406,63,1.3468518034945,0.013215637674052,0.334231194851746,122823,30,30,1.00631941784757,0.827363529382699,0.998660532002881
"hsa05205",0.0241511656137487,146,1.20687899309583,0.013803886060447,0.334231194851746,146359,79,80,0.993740425124473,0.910741312729018,0.998660532002881
"hsa04726",0.00853147647851892,58,1.35722785447807,0.0146800154613353,0.334231194851746,156332,34,34,1.00631941784757,0.806653008501643,0.998660532002881
"hsa04010",0.0269764811017155,161,1.19148765249827,0.015241186597085,0.334231194851746,152948,97,97,1.00631941784757,0.539709839546623,0.998660532002881
"hsa04530",0.0150445014954362,95,1.26065070717993,0.0155448852371485,0.334231194851746,122896,60,60,1.00631941784757,0.683781526071149,0.998660532002881
"hsa05161",0.0122494046665875,79,1.28754102989511,0.0165424548610337,0.334231194851746,119388,44,44,1.00631941784757,0.757051912662025,0.998660532002881
"hsa04730",0.00525468905774605,38,1.44372854347552,0.0186029820127184,0.334231194851746,220760,25,25,1.00631941784757,0.853977658860078,0.998660532002881
"hsa04660",0.0125115579914148,80,1.27651981933943,0.019045251487117,0.334231194851746,119149,35,35,1.00631941784757,0.801554454722565,0.998660532002881
"hsa05231",0.00780157963520655,53,1.35625793455247,0.0190886376577898,0.334231194851746,105066,31,32,0.974871936039831,0.983134869396854,0.998660532002881
"hsa04140",0.0115122760074178,74,1.28327429400776,0.0210429302481199,0.334231194851746,104533,40,41,0.981775041802505,0.973078193113084,0.998660532002881
"hsa05215",0.0101392641110807,66,1.29953047349425,0.0223073178062181,0.334231194851746,150461,32,32,1.00631941784757,0.816944630548915,0.998660532002881
"hsa04666",0.0115933756566747,74,1.27429734905001,0.0240398010136855,0.334231194851746,91266,42,43,0.982916640688322,0.970582654463442,0.998660532002881
"hsa05417",0.0177120084302311,108,1.2173204378931,0.0247492256986255,0.334231194851746,121876,63,64,0.9905956769437,0.939447608353024,0.998660532002881
"hsa04910",0.0103854041293669,67,1.28795405276223,0.0251973945979754,0.334231194851746,109277,34,35,0.977567434480495,0.980003836990215,0.998660532002881
"hsa05171",0.0155804307062901,96,1.230100916818,0.026036152413273,0.334231194851746,121518,60,60,1.00631941784757,0.683781526071149,0.998660532002881
"hsa04625",0.00973169963169395,63,1.29241152385008,0.0274663311652135,0.334231194851746,115615,28,28,1.00631941784757,0.837911229261469,0.998660532002881
"hsa04961",0.00262514915620206,21,1.597034428937,0.0275851862395282,0.334231194851746,170451,15,15,1.00631941784757,0.909719005452867,0.998660532002881
"hsa05131",0.0211331738890123,126,1.19029548677382,0.0293300042633187,0.334231194851746,141560,77,78,0.993417886849522,0.914524072068949,0.998660532002881
"hsa03083",0.00768432090666309,51,1.32499320529312,0.0300912133426094,0.334231194851746,224188,25,25,1.00631941784757,0.853977658860078,0.998660532002881
"hsa04142",0.0175203653100124,106,1.20784630857498,0.0308170680160444,0.334231194851746,154077,56,56,1.00631941784757,0.701426595414393,0.998660532002881
"hsa04723",0.0125094917583127,78,1.24481239957942,0.0329274337614927,0.334231194851746,200588,43,43,1.00631941784757,0.761875761497293,0.998660532002881
"hsa04519",0.0357437664330101,204,1.13940683981389,0.0332950906414794,0.334231194851746,162131,132,132,1.00631941784757,0.430799232579152,0.998660532002881
"hsa03460",0.00365697431155696,27,1.4739773936965,0.0335512328411787,0.334231194851746,130236,17,17,1.00631941784757,0.898295706467946,0.998660532002881
"hsa05100",0.00722845822851505,48,1.3256977830087,0.0341257075824606,0.334231194851746,147997,29,29,1.00631941784757,0.832621183237816,0.998660532002881
"hsa04613",0.013325912112775,82,1.22847373613047,0.0378399855613398,0.357645142338781,129337,43,43,1.00631941784757,0.761875761497293,0.998660532002881
"hsa04066",0.00996363429740326,63,1.26232661448913,0.0403962814741179,0.357645142338781,155089,34,35,0.977567434480495,0.980003836990215,0.998660532002881
"hsa00310",0.00541533868143335,37,1.36403360296675,0.0405583074634245,0.357645142338781,153058,26,26,1.00631941784757,0.848589272102452,0.998660532002881
"hsa00061",0.00211685581308855,17,1.60326980006023,0.0424825943570089,0.357645142338781,125706,9,9,1.00631941784757,0.944840503332067,0.998660532002881
"hsa04020",0.0276286359245618,159,1.1489116919687,0.0438012180448137,0.357645142338781,180364,89,89,1.00631941784757,0.568120661894206,0.998660532002881
"hsa05214",0.00718894152043763,47,1.30521445676004,0.0440820998937452,0.357645142338781,132420,25,25,1.00631941784757,0.853977658860078,0.998660532002881
"hsa05010",0.0280333593334332,161,1.14656769309177,0.0450891715260384,0.357645142338781,138914,97,97,1.00631941784757,0.539709839546623,0.998660532002881
"hsa04510",0.0209689083573963,123,1.17105760310737,0.0451265964574732,0.357645142338781,133019,79,79,1.00631941784757,0.605678663071489,0.998660532002881
"hsa05211",0.00651999855363683,43,1.31664872979864,0.0466256327412602,0.357645142338781,88115,23,23,1.00631941784757,0.864854146354716,0.998660532002881
"hsa04933",0.0102428340453228,64,1.24740880706926,0.047256415203923,0.357645142338781,161754,34,34,1.00631941784757,0.806653008501643,0.998660532002881
"hsa05033",0.00397155830134977,28,1.4074923964983,0.0494804581282327,0.366155390148922,233493,13,13,1.00631941784757,0.921283114151301,0.998660532002881
"hsa00071",0.00217677657304909,17,1.55913612734856,0.0522663616145539,0.378363009079271,55249,13,13,1.00631941784757,0.921283114151301,0.998660532002881
"hsa05014",0.0232009566659263,134,1.15304929280231,0.0547971340666341,0.381327739454716,118771,86,86,1.00631941784757,0.57914425919051,0.998660532002881
"hsa04664",0.00625681211225844,41,1.30821676812491,0.0549661606421212,0.381327739454716,98118,22,22,1.00631941784757,0.870342643821967,0.998660532002881
"hsa05022",0.0374504749753343,209,1.11413527374863,0.06167690565262,0.390876558123386,137880,131,131,1.00631941784757,0.433591684882258,0.998660532002881
"hsa05034",0.012061894012573,73,1.20824865512949,0.0621898873155058,0.390876558123386,134266,40,40,1.00631941784757,0.776526821283052,0.998660532002881
"hsa04925",0.0098913161388302,61,1.23118898294739,0.062485448978389,0.390876558123386,181171,35,35,1.00631941784757,0.801554454722565,0.998660532002881
"hsa05016",0.0209198353212218,121,1.15471837594314,0.0628958265344437,0.390876558123386,136922,71,71,1.00631941784757,0.637448143923051,0.998660532002881
"hsa05130",0.0170345422518841,100,1.17197541256862,0.063581374608466,0.390876558123386,96696,61,61,1.00631941784757,0.679437966810253,0.998660532002881
"hsa00280",0.00240302909772766,18,1.49541744893585,0.0641541820443414,0.390876558123386,138343,13,13,1.00631941784757,0.921283114151301,0.998660532002881
"hsa00130",0.000430809601785225,5,2.31704035852971,0.0679829590520645,0.390876558123386,16129,5,5,1.00631941784757,0.968981554685675,0.998660532002881
"hsa04015",0.0208162653869796,120,1.15087299162069,0.0682489020868409,0.390876558123386,166932,72,72,1.00631941784757,0.63339031430317,0.998660532002881
"hsa04974",0.00726823321573023,46,1.26350785422883,0.0691482909653747,0.390876558123386,92328,38,38,1.00631941784757,0.786445584855152,0.998660532002881
"hsa03022",0.00292862714307115,21,1.43154228201038,0.0696159482549908,0.390876558123386,228525,11,11,1.00631941784757,0.932989713371912,0.998660532002881
"hsa04310",0.0225224573710283,129,1.14346507654768,0.0699067128796105,0.390876558123386,154453,71,71,1.00631941784757,0.637448143923051,0.998660532002881
"hsa04150",0.0158335442612958,93,1.17261049385542,0.0704282086708803,0.390876558123386,147147,50,51,0.986587664556439,0.959732608771998,0.998660532002881
"hsa05017",0.0116527798583597,70,1.19927137115468,0.074418384633272,0.391481726466234,177062,36,36,1.00631941784757,0.796487156445585,0.998660532002881
"hsa00564",0.00678318499501521,43,1.26556297966862,0.0750540769733854,0.391481726466234,119321,29,29,1.00631941784757,0.832621183237816,0.998660532002881
"hsa05200",0.0518611594667052,283,1.08941457606195,0.0751771871592037,0.391481726466234,147309,180,182,0.995260962706386,0.895408005580027,0.998660532002881
"hsa05143",0.00164627122408815,13,1.57648895934604,0.0762131195948939,0.391481726466234,235260,9,9,1.00631941784757,0.944840503332067,0.998660532002881
"hsa03040",0.00750791625557237,47,1.2497622618411,0.0764153520129285,0.391481726466234,122375,33,34,0.976721787910875,0.981072872741156,0.998660532002881
"hsa03015",0.00578700236067132,37,1.2764300880748,0.084620780091348,0.426950299551801,139572,25,25,1.00631941784757,0.853977658860078,0.998660532002881
"hsa05223",0.00688546353356854,43,1.24676396470374,0.0888562621808554,0.428694723995507,116239,22,22,1.00631941784757,0.870342643821967,0.998660532002881
"hsa04727",0.00853044336196788,52,1.21697234187618,0.0917925842793417,0.428694723995507,194238,29,29,1.00631941784757,0.832621183237816,0.998660532002881
"hsa04620",0.00780726177623729,48,1.22741510695595,0.0919240994298339,0.428694723995507,85515,31,31,1.00631941784757,0.822138075512913,0.998660532002881
"hsa05146",0.00727830610210291,45,1.2343296615418,0.0936529087756475,0.428694723995507,140960,30,31,0.973857501142808,0.984127145476262,0.998660532002881
"hsa03420",0.00203704755952043,15,1.47007353291272,0.0942746352491148,0.428694723995507,82480,11,11,1.00631941784757,0.932989713371912,0.998660532002881
"hsa04919",0.0146263475714013,85,1.16019771157458,0.0951398897504419,0.428694723995507,150919,46,47,0.984908366404003,0.965326316271782,0.998660532002881
"hsa03082",0.00515705954367242,33,1.27749956923834,0.0975223498852682,0.428694723995507,103737,23,23,1.00631941784757,0.864854146354716,0.998660532002881
"hsa05218",0.00553621331790546,35,1.26213031146223,0.101710893548832,0.428694723995507,135799,20,20,1.00631941784757,0.881421146618562,0.998660532002881
"hsa00565",0.00465599801641622,30,1.28634492195958,0.103041197521741,0.428694723995507,75844,17,17,1.00631941784757,0.898295706467946,0.998660532002881
"hsa05012",0.0199456064135875,113,1.13104573632143,0.103197757066485,0.428694723995507,140148,64,64,1.00631941784757,0.666567213793599,0.998660532002881
"hsa04929",0.004839892762502,31,1.27871842530395,0.104395291827278,0.428694723995507,197758,15,15,1.00631941784757,0.909719005452867,0.998660532002881
"hsa03440",0.00224263775317812,16,1.42432737736821,0.105338866134598,0.428694723995507,52326,12,12,1.00631941784757,0.927118496640167,0.998660532002881
"hsa05160",0.00881713320488251,53,1.20004473522444,0.106132537832502,0.428694723995507,96616,36,36,1.00631941784757,0.796487156445585,0.998660532002881
"hsa05142",0.00682528449447024,42,1.22850661740072,0.107239437923391,0.428694723995507,153559,26,26,1.00631941784757,0.848589272102452,0.998660532002881
"hsa04930",0.00575161811879807,36,1.24957240512813,0.108258651460121,0.428694723995507,136955,18,18,1.00631941784757,0.892636340619636,0.998660532002881
"hsa04960",0.00629064667930513,39,1.23770823947343,0.108305516168995,0.428694723995507,129481,16,16,1.00631941784757,0.903989859044481,0.998660532002881
"hsa04972",0.00755983036226232,46,1.21477193460381,0.108838629785821,0.428694723995507,149061,30,30,1.00631941784757,0.827363529382699,0.998660532002881
"hsa01200",0.00540139160799426,34,1.25667281416283,0.109665246597087,0.428694723995507,253620,24,24,1.00631941784757,0.859399217679313,0.998660532002881
"hsa05224",0.0143936380682787,83,1.15121511384122,0.110254451741949,0.428694723995507,125526,48,49,0.985782286871087,0.9625704324988,0.998660532002881
"hsa05206",0.0187118069725036,106,1.1309388022055,0.111235583999636,0.428694723995507,153187,57,57,1.00631941784757,0.696974378132479,0.998660532002881
"hsa04390",0.0207940533811322,117,1.12329978439752,0.112155039480135,0.428694723995507,141788,69,69,1.00631941784757,0.645639566519395,0.998660532002881
"hsa04518",0.0149801899901337,86,1.14612001844955,0.113288695830644,0.428694723995507,145609,55,55,1.00631941784757,0.705906385940555,0.998660532002881
"hsa04152",0.0114562294345237,67,1.16756769008858,0.114742811493232,0.429318609294902,143033,35,36,0.978366100685136,0.978909894416926,0.998660532002881
"hsa04360",0.0237120910795551,132,1.11135560731012,0.119681166792045,0.437204010572588,170707,72,72,1.00631941784757,0.63339031430317,0.998660532002881
"hsa04728",0.0113195997706481,66,1.1640237250545,0.121332428101229,0.437204010572588,181634,39,39,1.00631941784757,0.781470943432836,0.998660532002881
"hsa05226",0.0156114242028214,89,1.13814200021326,0.121362598885414,0.437204010572588,159427,54,55,0.98802270115943,0.953820490136007,0.998660532002881
"hsa04146",0.0054651865550212,34,1.24200371278768,0.122102020970723,0.437204010572588,55657,27,27,1.00631941784757,0.843233860746671,0.998660532002881
"hsa05235",0.00839975411826085,50,1.18837196913706,0.126504581196696,0.438196135465581,111448,23,24,0.964389442103919,0.990317505888971,0.998660532002881
"hsa04340",0.00406479707008146,26,1.27697809465899,0.128526424394757,0.438196135465581,227415,20,20,1.00631941784757,0.881421146618562,0.998660532002881
"hsa05219",0.00249755926214816,17,1.35888306942023,0.131066121349441,0.438196135465581,111463,14,14,1.00631941784757,0.915483353989723,0.998660532002881
"hsa04382",0.0086149006400157,51,1.18186772129759,0.131719011788264,0.438196135465581,95471,42,42,1.00631941784757,0.766729410170926,0.998660532002881
"hsa00220",0.00181751029242364,13,1.42795802570295,0.13171960642338,0.438196135465581,230542,7,7,1.00631941784757,0.956837203874392,0.998660532002881
"hsa04210",0.0125143990619302,72,1.14860701668827,0.132176749040005,0.438196135465581,97478,38,38,1.00631941784757,0.786445584855152,0.998660532002881
"hsa05020",0.0208069673380202,116,1.1130077082701,0.132840228706806,0.438196135465581,113215,66,66,1.00631941784757,0.658118396441678,0.998660532002881
"hsa04657",0.00408261833058697,26,1.271403887755,0.132906335381453,0.438196135465581,83314,23,24,0.964389442103919,0.990317505888971,0.998660532002881
"hsa05134",0.00392455149827728,25,1.27174179599459,0.137931190576153,0.448025915029555,54101,18,19,0.953355237960854,0.993882471291407,0.998660532002881
"hsa04921",0.0163234997856283,92,1.12518392195862,0.139400991825208,0.448025915029555,158030,54,54,1.00631941784757,0.710413915107745,0.998660532002881
"hsa00563",0.00117336212284789,9,1.53129693428342,0.140238984348864,0.448025915029555,51011,8,9,0.894506149197838,0.998660532002881,0.998660532002881
"hsa04062",0.0137151387733807,78,1.13538555536947,0.142962874757163,0.448025915029555,127513,53,54,0.987683873072613,0.955327360014302,0.998660532002881
"hsa05221",0.00574981016483375,35,1.2152440583143,0.143969028984154,0.448025915029555,113382,21,22,0.960577626127224,0.991832503351816,0.998660532002881
"hsa05212",0.00721967673783118,43,1.18904877955987,0.145561580111014,0.448025915029555,81066,26,27,0.969048328297658,0.987829967352769,0.998660532002881
"hsa01230",0.00413246620417482,26,1.25606757835895,0.145625052943364,0.448025915029555,339378,16,16,1.00631941784757,0.903989859044481,0.998660532002881
"hsa05225",0.0188448207284505,105,1.11236228881184,0.147103392031879,0.448025915029555,122278,64,65,0.990837580649913,0.93776543292904,0.998660532002881
"hsa04216",0.00361203374158656,23,1.2712325536594,0.149746076733079,0.448025915029555,84728,13,13,1.00631941784757,0.921283114151301,0.998660532002881
"hsa05415",0.0147123545242757,83,1.12627612799988,0.150866505446687,0.448025915029555,152084,51,51,1.00631941784757,0.724104602854672,0.998660532002881
"hsa03010",0.0113438780095977,65,1.14393349728736,0.152880930200851,0.448025915029555,81733,42,42,1.00631941784757,0.766729410170926,0.998660532002881
"hsa04630",0.0105992592554329,61,1.14895571129042,0.153398797935083,0.448025915029555,114384,42,42,1.00631941784757,0.766729410170926,0.998660532002881
"hsa04915",0.0115360376880918,66,1.14218443519453,0.153678173124495,0.448025915029555,123369,43,43,1.00631941784757,0.761875761497293,0.998660532002881
"hsa03018",0.00398705504961542,25,1.25180518171521,0.154723664349546,0.448025915029555,182729,15,15,1.00631941784757,0.909719005452867,0.998660532002881
"hsa04330",0.00987581939056455,57,1.15226052842833,0.157358206564308,0.448347566348464,118956,27,27,1.00631941784757,0.843233860746671,0.998660532002881
"hsa04744",0.00188466286824148,13,1.3770783372443,0.158366325567716,0.448347566348464,65506,6,6,1.00631941784757,0.962890813484794,0.998660532002881
"hsa04024",0.0260032853106323,142,1.09020731465333,0.158873912399756,0.448347566348464,158377,78,78,1.00631941784757,0.609564237698504,0.998660532002881
"hsa05120",0.00600473167380378,36,1.19689999095868,0.160246023557582,0.448419544913234,101442,25,26,0.967614824853431,0.988687327800721,0.998660532002881
"hsa04914",0.00972369297842336,56,1.14975619320837,0.163538123856944,0.448669595129801,141723,31,31,1.00631941784757,0.822138075512913,0.998660532002881
"hsa00010",0.00330468156765105,21,1.2686407140067,0.16450849309237,0.448669595129801,135421,17,17,1.00631941784757,0.898295706467946,0.998660532002881
"hsa04750",0.0108621874176735,62,1.1395237098997,0.166341257518392,0.448669595129801,137383,39,39,1.00631941784757,0.781470943432836,0.998660532002881
"hsa04137",0.00862755631776599,50,1.15699416777259,0.167804867511396,0.448669595129801,123427,30,30,1.00631941784757,0.827363529382699,0.998660532002881
"hsa04114",0.0120151454886383,68,1.1298709614182,0.170697664269423,0.448669595129801,144141,41,41,1.00631941784757,0.7716130369873,0.998660532002881
"hsa00630",0.00106540144326382,8,1.4990829839622,0.170701464060433,0.448669595129801,110559,7,7,1.00631941784757,0.956837203874392,0.998660532002881
"hsa04141",0.013148732624271,74,1.12356135667186,0.171070801888546,0.448669595129801,106788,40,40,1.00631941784757,0.776526821283052,0.998660532002881
"hsa04610",0.00244099613097852,16,1.30858476538865,0.172214266135729,0.448669595129801,84364,15,15,1.00631941784757,0.909719005452867,0.998660532002881
"hsa05132",0.0203875220182965,112,1.09673713291549,0.17362878291267,0.448669595129801,101120,71,71,1.00631941784757,0.637448143923051,0.998660532002881
"hsa04670",0.0114686268331362,65,1.131490476857,0.17380894225749,0.448669595129801,140055,39,39,1.00631941784757,0.781470943432836,0.998660532002881
"hsa04060",0.0137608541807644,77,1.11710578459851,0.178307032393,0.453898397385601,112722,58,60,0.972775437252649,0.993946836084024,0.998660532002881
"hsa04350",0.010742862456028,61,1.1335972611419,0.178560630803344,0.453898397385601,115365,36,37,0.97912159574358,0.977791379832699,0.998660532002881
"hsa04714",0.0160778763256177,89,1.10512216965286,0.184382750263379,0.460893447452776,144902,52,54,0.969048328297658,0.995498849623733,0.998660532002881
"hsa01212",0.00518547024882612,31,1.19350025261597,0.184582412922027,0.460893447452776,90449,21,21,1.00631941784757,0.875864910164233,0.998660532002881
"hsa04977",0.00194716641957962,13,1.33287446967391,0.185464630506523,0.460893447452776,111367,6,6,1.00631941784757,0.962890813484794,0.998660532002881
"hsa04725",0.0130604011591568,73,1.11587439324465,0.187799574937157,0.463238951511655,162811,40,40,1.00631941784757,0.776526821283052,0.998660532002881
"hsa04148",0.0149773489196184,83,1.10634891236713,0.190839439145598,0.466619869373963,130138,49,49,1.00631941784757,0.733373496944308,0.998660532002881
"hsa05230",0.00855833750884606,49,1.14302476209168,0.191972739051751,0.466619869373963,187892,23,24,0.964389442103919,0.990317505888971,0.998660532002881
"hsa05220",0.00728579619709798,42,1.15085667238936,0.200313309091531,0.483364724112172,112387,25,25,1.00631941784757,0.853977658860078,0.998660532002881
"hsa04713",0.00842351579893486,48,1.13761893214768,0.203529576227514,0.487592438012678,203816,34,34,1.00631941784757,0.806653008501643,0.998660532002881
"hsa00601",0.00080014876878335,6,1.49702646276083,0.216050422370504,0.512240891925584,101938,6,6,1.00631941784757,0.962890813484794,0.998660532002881
"hsa04920",0.00549514693500147,32,1.16257140606206,0.219631380485722,0.512240891925584,65212,18,18,1.00631941784757,0.892636340619636,0.998660532002881
"hsa04926",0.0107735976734215,60,1.11183275756552,0.221463133030853,0.512240891925584,155623,38,38,1.00631941784757,0.786445584855152,0.998660532002881
"hsa04071",0.0115455940161889,64,1.10665604381801,0.22384320750398,0.512240891925584,160608,41,41,1.00631941784757,0.7716130369873,0.998660532002881
"hsa04392",0.00366575580224083,22,1.19814152042001,0.225997023975729,0.512240891925584,108238,13,13,1.00631941784757,0.921283114151301,0.998660532002881
"hsa04722",0.0140444446740259,77,1.09454878161032,0.227360122483151,0.512240891925584,126851,38,38,1.00631941784757,0.786445584855152,0.998660532002881
"hsa04370",0.00720753761835641,41,1.13565366615874,0.227411586360907,0.512240891925584,103211,21,21,1.00631941784757,0.875864910164233,0.998660532002881
"hsa04912",0.00947961919323929,53,1.11617925431414,0.228817958059912,0.512240891925584,144188,34,34,1.00631941784757,0.806653008501643,0.998660532002881
"hsa04611",0.0110057906182686,61,1.1065156406631,0.23023736836581,0.512240891925584,154807,40,40,1.00631941784757,0.776526821283052,0.998660532002881
"hsa00760",0.00240199598117662,15,1.24671719936373,0.230626776264731,0.512240891925584,63337,9,10,0.905687476062811,0.998332235983539,0.998660532002881
"hsa02010",0.0011607064450976,8,1.37599406071297,0.23073914050702,0.512240891925584,102861,7,7,1.00631941784757,0.956837203874392,0.998660532002881
"hsa04068",0.0125430680462216,69,1.09823247238243,0.232655949734796,0.513075703719781,153768,39,39,1.00631941784757,0.781470943432836,0.998660532002881
"hsa04935",0.0118291845094504,65,1.09700225184188,0.24285796890909,0.530668522399286,148713,41,41,1.00631941784757,0.7716130369873,0.998660532002881
"hsa05162",0.00802912355557392,45,1.11890532577116,0.244435966142614,0.530668522399286,105509,31,31,1.00631941784757,0.822138075512913,0.998660532002881
"hsa04721",0.00521000676691341,30,1.14956077276251,0.246351727850643,0.530668522399286,147325,20,20,1.00631941784757,0.881421146618562,0.998660532002881
"hsa00970",0.00189499403375192,12,1.26421915813904,0.247007870786454,0.530668522399286,70302,8,8,1.00631941784757,0.950820506517713,0.998660532002881
"hsa04213",0.00597632096865008,34,1.13577935790602,0.251145843412808,0.533239314669131,136126,21,22,0.960577626127224,0.991832503351816,0.998660532002881
"hsa04724",0.0126363068149533,69,1.09012900947941,0.251407124333494,0.533239314669131,227880,40,40,1.00631941784757,0.776526821283052,0.998660532002881
"hsa00030",0.00281834195124723,17,1.20421547665814,0.254065391683607,0.535466933105323,251821,10,10,1.00631941784757,0.938896977481903,0.998660532002881
"hsa01522",0.00864744381137358,48,1.1081599669384,0.256717026584754,0.537652640583165,111883,30,31,0.973857501142808,0.984127145476262,0.998660532002881
"hsa04916",0.0125205977612364,68,1.08425845504414,0.267307626458751,0.553086371155464,165648,46,46,1.00631941784757,0.747492906415894,0.998660532002881
"hsa00534",0.0028483023312275,17,1.19154871974009,0.267408125393483,0.553086371155464,328204,11,11,1.00631941784757,0.932989713371912,0.998660532002881
"hsa04913",0.00359576215590762,21,1.16594296334691,0.269885490226264,0.554764618798431,104379,17,17,1.00631941784757,0.898295706467946,0.998660532002881
"hsa04931",0.00891269648585405,49,1.09757935889272,0.275561990480514,0.56047354090288,101188,28,29,0.971618748266617,0.986032517923721,0.998660532002881
"hsa04973",0.00398912128271751,23,1.15106424492889,0.277657658949699,0.56047354090288,142196,14,14,1.00631941784757,0.915483353989723,0.998660532002881
"hsa00500",0.000876857672698345,6,1.36606420666659,0.278724793181114,0.56047354090288,74523,5,5,1.00631941784757,0.968981554685675,0.998660532002881
"hsa03050",0.000883056372004608,6,1.3564749873159,0.283970898900714,0.56047354090288,220047,6,6,1.00631941784757,0.962890813484794,0.998660532002881
"hsa04540",0.00894885556514058,49,1.09314443883254,0.284857579472633,0.56047354090288,156106,30,30,1.00631941784757,0.827363529382699,0.998660532002881
"hsa04927",0.00628083207207021,35,1.11249951583982,0.286280965756726,0.56047354090288,210348,21,21,1.00631941784757,0.875864910164233,0.998660532002881
"hsa05217",0.00953747372009773,52,1.0884762506428,0.288238126252057,0.56047354090288,169656,31,31,1.00631941784757,0.822138075512913,0.998660532002881
"hsa05133",0.00572708160071078,32,1.11548972830235,0.291513089648268,0.56047354090288,116648,17,17,1.00631941784757,0.898295706467946,0.998660532002881
"hsa04978",0.0034617152834097,20,1.15342037395435,0.291601065439439,0.56047354090288,61532,14,14,1.00631941784757,0.915483353989723,0.998660532002881
"hsa04720",0.00591872472092939,33,1.11310149672638,0.292028974519602,0.56047354090288,221466,20,20,1.00631941784757,0.881421146618562,0.998660532002881
"hsa04064",0.00573741276622122,32,1.11348110360027,0.294904104559921,0.56047354090288,142931,22,23,0.962566399680282,0.99108958810149,0.998660532002881
"hsa03273",0.00125756112175795,8,1.27001793157611,0.298062533004157,0.56047354090288,203356,6,6,1.00631941784757,0.962890813484794,0.998660532002881
"hsa05210",0.00919473730428898,50,1.08562452753583,0.298875900424604,0.56047354090288,131491,30,31,0.973857501142808,0.984127145476262,0.998660532002881
"hsa03272",0.00404620097216267,23,1.13482620087621,0.299943509635776,0.56047354090288,95377,17,17,1.00631941784757,0.898295706467946,0.998660532002881
"hsa00533",0.00180847052260201,11,1.2143118108627,0.300884346988135,0.56047354090288,144908,5,5,1.00631941784757,0.968981554685675,0.998660532002881
"hsa03410",0.00181053675570409,11,1.21292600565772,0.30212093952083,0.56047354090288,92415,9,9,1.00631941784757,0.944840503332067,0.998660532002881
"hsa04970",0.010750352551023,58,1.07709560793599,0.302578755744381,0.56047354090288,146910,36,36,1.00631941784757,0.796487156445585,0.998660532002881
"hsa04012",0.00961211639091064,52,1.08002371312034,0.307278569294181,0.56047354090288,95590,31,32,0.974871936039831,0.983134869396854,0.998660532002881
"hsa04668",0.0109629162814003,59,1.07442197504418,0.30730023936029,0.56047354090288,124371,35,36,0.978366100685136,0.978909894416926,0.998660532002881
"hsa04975",0.00163826457081756,10,1.21861053697857,0.309167795220689,0.56047354090288,82466,7,7,1.00631941784757,0.956837203874392,0.998660532002881
"hsa04623",0.00312879347483586,18,1.14853590431725,0.310197052720583,0.56047354090288,50727,11,11,1.00631941784757,0.932989713371912,0.998660532002881
"hsa04911",0.00769904281751546,42,1.08908436617905,0.310295896636366,0.56047354090288,237768,29,29,1.00631941784757,0.832621183237816,0.998660532002881
"hsa04922",0.00904958442886734,49,1.08097689698813,0.311374189390489,0.56047354090288,160784,28,28,1.00631941784757,0.837911229261469,0.998660532002881
"hsa04710",0.00183223220327601,11,1.1985637580576,0.315182005162421,0.564277460855303,270663,7,7,1.00631941784757,0.956837203874392,0.998660532002881
"hsa00515",0.00148484676298757,9,1.21006818097923,0.329424640556004,0.583259583441851,199525,5,5,1.00631941784757,0.968981554685675,0.998660532002881
"hsa05110",0.00469783923673349,26,1.10490303225814,0.331741070223941,0.583259583441851,162494,16,16,1.00631941784757,0.903989859044481,0.998660532002881
"hsa04270",0.0120355495405214,64,1.06160515184344,0.332218156145925,0.583259583441851,186868,49,49,1.00631941784757,0.733373496944308,0.998660532002881
"hsa00620",0.00223721389128515,13,1.16007164937331,0.333966159213505,0.583259583441851,126879,11,11,1.00631941784757,0.932989713371912,0.998660532002881
"hsa00532",0.00337364209743322,19,1.12435527549416,0.335678359319474,0.583259583441851,100512,11,11,1.00631941784757,0.932989713371912,0.998660532002881
"hsa05208",0.0208346032057607,109,1.04445620059009,0.336293813876383,0.583259583441851,91128,61,61,1.00631941784757,0.679437966810253,0.998660532002881
"hsa01232",0.0047500116225612,26,1.09276718252098,0.351804274340665,0.604741275422585,157840,19,19,1.00631941784757,0.887011555582316,0.998660532002881
"hsa01521",0.0105607756639065,56,1.05862264085472,0.352311734029974,0.604741275422585,178686,30,31,0.973857501142808,0.984127145476262,0.998660532002881
"hsa04936",0.00979626941613418,52,1.05972112387583,0.355993909817746,0.607748846478235,98197,37,38,0.979837327904211,0.976648625049628,0.998660532002881
"hsa03008",0.00247302274406087,14,1.13018332015427,0.359851317101808,0.607748846478235,68731,12,12,1.00631941784757,0.927118496640167,0.998660532002881
"hsa05213",0.00864641069482254,46,1.06211352647649,0.360786250479813,0.607748846478235,138065,22,22,1.00631941784757,0.870342643821967,0.998660532002881
"hsa00380",0.00285656726363585,16,1.11821289490851,0.361364178987059,0.607748846478235,155911,11,11,1.00631941784757,0.932989713371912,0.998660532002881
"hsa00190",0.00925439978511176,49,1.05705306903715,0.367639081507325,0.612610077812599,141566,27,27,1.00631941784757,0.843233860746671,0.998660532002881
"hsa05412",0.00867817902876713,46,1.05822543231707,0.369993205663436,0.612610077812599,240458,33,33,1.00631941784757,0.811783004508686,0.998660532002881
"hsa04932",0.0122016230261017,64,1.04715588820864,0.372413581570405,0.612610077812599,114982,35,35,1.00631941784757,0.801554454722565,0.998660532002881
"hsa04082",0.0194579754014949,101,1.03626944295839,0.372509072368466,0.612610077812599,174454,67,67,1.00631941784757,0.653933022172539,0.998660532002881
"hsa04917",0.00597270506072143,32,1.06961596693519,0.375322856755122,0.612610077812599,82633,21,21,1.00631941784757,0.875864910164233,0.998660532002881
"hsa04964",0.00288497796878955,16,1.107200950554,0.375769105505394,0.612610077812599,92134,10,10,1.00631941784757,0.938896977481903,0.998660532002881
"hsa04962",0.00327162183801766,18,1.09839456421404,0.377132330184933,0.612610077812599,123540,11,11,1.00631941784757,0.932989713371912,0.998660532002881
"hsa00260",0.00251305601041381,14,1.11217937209426,0.381692295214389,0.617007448089279,100928,11,11,1.00631941784757,0.932989713371912,0.998660532002881
"hsa04550",0.0199673018611595,103,1.02983301234484,0.395127034211364,0.63488756365018,133915,60,60,1.00631941784757,0.683781526071149,0.998660532002881
"hsa04512",0.00759624772068661,40,1.05125927524465,0.396974723464202,0.63488756365018,173392,31,31,1.00631941784757,0.822138075512913,0.998660532002881
"hsa04918",0.00838374081171967,44,1.04776479355029,0.398472975384047,0.63488756365018,162738,24,24,1.00631941784757,0.859399217679313,0.998660532002881
"hsa05144",0.00569867089555708,30,1.05098531128378,0.417136488715747,0.654334165427048,177683,17,17,1.00631941784757,0.898295706467946,0.998660532002881
"hsa04622",0.00257969202795613,14,1.08345066985154,0.418334155281375,0.654334165427048,55443,10,10,1.00631941784757,0.938896977481903,0.998660532002881
"hsa04110",0.0139641198621823,72,1.02936144304363,0.418443035563834,0.654334165427048,107534,44,44,1.00631941784757,0.757051912662025,0.998660532002881
"hsa00730",0.000848446967544644,5,1.1765063372991,0.419877201607135,0.654334165427048,54089,6,6,1.00631941784757,0.962890813484794,0.998660532002881
"hsa04971",0.00806450779744717,42,1.03972956288212,0.420886855235843,0.654334165427048,192101,24,24,1.00631941784757,0.859399217679313,0.998660532002881
"hsa00790",0.00239295621135498,13,1.08456995433045,0.422468004705151,0.654334165427048,95761,11,11,1.00631941784757,0.932989713371912,0.998660532002881
"hsa04979",0.00435303658782266,23,1.05483489159409,0.427016124379224,0.657162941953512,85488,13,13,1.00631941784757,0.921283114151301,0.998660532002881
"hsa05032",0.0120309005160417,62,1.02882740051827,0.428241316528265,0.657162941953512,223435,29,29,1.00631941784757,0.832621183237816,0.998660532002881
"hsa00350",0.00201922629901492,11,1.08756859806352,0.431272206573602,0.658778187105548,71841,9,9,1.00631941784757,0.944840503332067,0.998660532002881
"hsa00900",0.00144765456714999,8,1.10325018891063,0.438702568283885,0.667068288760427,51626,7,7,1.00631941784757,0.956837203874392,0.998660532002881
"hsa00512",0.00419651943033953,22,1.04660404968742,0.444083581383063,0.671959735300991,214601,13,13,1.00631941784757,0.921283114151301,0.998660532002881
"hsa00670",0.00262979818068175,14,1.0628074337534,0.445955259764321,0.671959735300991,75823,9,9,1.00631941784757,0.944840503332067,0.998660532002881
"hsa05031",0.00599956609104856,31,1.03155127520646,0.455423952346003,0.683135928519005,161553,20,20,1.00631941784757,0.881421146618562,0.998660532002881
"hsa00561",0.00502456234600106,26,1.03305650528134,0.460472048341897,0.686207712009357,176072,18,18,1.00631941784757,0.892636340619636,0.998660532002881
"hsa00600",0.00403922743544313,21,1.03793451855718,0.461593175645934,0.686207712009357,127909,15,15,1.00631941784757,0.909719005452867,0.998660532002881
"hsa00330",0.00523815919292935,27,1.02904422451303,0.466694535145228,0.687999002306612,42671,16,16,1.00631941784757,0.903989859044481,0.998660532002881
"hsa03320",0.00702209319744407,36,1.02349300756946,0.466930253817701,0.687999002306612,67048,23,23,1.00631941784757,0.864854146354716,0.998660532002881
"hsa04070",0.0141841736875546,72,1.01339188935498,0.470803345563044,0.690649841729047,161245,33,33,1.00631941784757,0.811783004508686,0.998660532002881
"hsa00510",0.00545769646002614,28,1.02423030528391,0.474949495401858,0.692101245842294,123882,17,17,1.00631941784757,0.898295706467946,0.998660532002881
"hsa03030",0.00248645325922444,13,1.04378733009989,0.475949505399055,0.692101245842294,117130,10,10,1.00631941784757,0.938896977481903,0.998660532002881
"hsa00062",0.00249781754128592,13,1.03903842693327,0.482406525612111,0.698440752299273,52774,9,9,1.00631941784757,0.944840503332067,0.998660532002881
"hsa04120",0.014661215254999,74,1.0076523404705,0.489496765725273,0.705638194746822,159632,40,41,0.981775041802505,0.973078193113084,0.998660532002881
"hsa05216",0.00371586195496645,19,1.02080549165946,0.49501720913359,0.710520390696058,123030,9,10,0.905687476062811,0.998332235983539,0.998660532002881
"hsa04934",0.0179328370930167,90,1.0019417519947,0.506998290127019,0.724594122799559,171930,57,57,1.00631941784757,0.696974378132479,0.998660532002881
"hsa04072",0.0143641942465739,72,1.00069146416608,0.513659317831742,0.730976721529786,170405,49,49,1.00631941784757,0.733373496944308,0.998660532002881
"hsa00591",0.00115140839613821,6,1.04032929152828,0.516349162774035,0.731677749803207,18646,7,7,1.00631941784757,0.956837203874392,0.998660532002881
"hsa00340",0.00236635346016561,12,1.01239641598626,0.521616253557017,0.732928951008054,13143,9,9,1.00631941784757,0.944840503332067,0.998660532002881
"hsa00100",0.000955891088853189,5,1.04426460903203,0.521634118285011,0.732928951008054,28054,5,5,1.00631941784757,0.968981554685675,0.998660532002881
"hsa00513",0.00418360547345149,21,1.00211494849461,0.525352679272655,0.734408165419105,122479,12,12,1.00631941784757,0.927118496640167,0.998660532002881
"hsa00052",0.0019724777750802,10,1.01213128663809,0.527097752357856,0.734408165419105,182272,7,7,1.00631941784757,0.956837203874392,0.998660532002881
"hsa04614",0.00138127682874543,7,1.01173385288679,0.538219169096317,0.74677909712114,203114,5,5,1.00631941784757,0.968981554685675,0.998660532002881
"hsa00270",0.00341315880551064,17,0.994354845349502,0.541706729283779,0.748499339632773,258429,13,13,1.00631941784757,0.921283114151301,0.998660532002881
"hsa04517",0.0355738187603635,177,0.993325870577891,0.546657178412085,0.752218348806712,144979,100,100,1.00631941784757,0.529415076249633,0.998660532002881
"hsa01100",0.129478172830068,646,0.996058679520616,0.549145622658096,0.752532890309243,126685,432,435,0.999379283931378,0.71012244486669,0.998660532002881
"hsa00020",0.00100883831209418,5,0.989458094733116,0.568896006513314,0.776403156430055,291180,5,5,1.00631941784757,0.968981554685675,0.998660532002881
"hsa04022",0.0220981047476871,109,0.984737413165191,0.5775934193731,0.785055545515275,166120,55,56,0.988349428243147,0.95229486487942,0.998660532002881
"hsa00562",0.00961521574056377,47,0.975860620754781,0.58638452603422,0.793764419387785,147693,22,22,1.00631941784757,0.870342643821967,0.998660532002881
"hsa00640",0.00186890784083806,9,0.961398835330237,0.59107837809748,0.796521758632895,80148,8,8,1.00631941784757,0.950820506517713,0.998660532002881
"hsa01524",0.0084245489154859,41,0.971597008027038,0.594361766051113,0.796521758632895,74744,23,23,1.00631941784757,0.864854146354716,0.998660532002881
"hsa00650",0.00311639607622334,15,0.96092076529775,0.595597351049822,0.796521758632895,62216,10,10,1.00631941784757,0.938896977481903,0.998660532002881
"hsa00240",0.00438764599228262,21,0.955513181994096,0.611639888251704,0.811879336945354,187123,13,13,1.00631941784757,0.921283114151301,0.998660532002881
"hsa00590",0.00335711223261652,16,0.951487507130956,0.611957097817669,0.811879336945354,28477,16,16,1.00631941784757,0.903989859044481,0.998660532002881
"hsa04211",0.00971981879135695,47,0.965358573312225,0.61543141126716,0.813248650603033,134844,24,25,0.966066641133665,0.989516629340948,0.998660532002881
"hsa04950",0.00420245985050804,20,0.950113285729839,0.620221395133513,0.816338832329881,108253,12,12,1.00631941784757,0.927118496640167,0.998660532002881
"hsa04081",0.022260304046201,108,0.968593681986786,0.644376921343826,0.844793365383834,147945,70,70,1.00631941784757,0.641531177453612,0.998660532002881
"hsa00410",0.003658007428108,17,0.927797732210243,0.653330853888969,0.853173232725595,38211,13,13,1.00631941784757,0.921283114151301,0.998660532002881
"hsa00520",0.00134408463290786,6,0.891196768184677,0.663995663331109,0.860767294543416,57572,5,5,1.00631941784757,0.968981554685675,0.998660532002881
"hsa05340",0.00369519962394558,17,0.918459445117332,0.669011607712514,0.860767294543416,234239,9,9,1.00631941784757,0.944840503332067,0.998660532002881
"hsa05202",0.0187314361869734,90,0.95922480454051,0.669093740475583,0.860767294543416,131239,58,58,1.00631941784757,0.692549569652607,0.998660532002881
"hsa04621",0.013620866888098,65,0.952703095253013,0.669485673533768,0.860767294543416,155444,45,46,0.984442908763925,0.966672785098397,0.998660532002881
"hsa04742",0.00746090945249988,35,0.936537654522548,0.673749974059298,0.862918236006716,171988,21,21,1.00631941784757,0.875864910164233,0.998660532002881
"hsa00514",0.00644096513748198,30,0.929863658198946,0.679228727512041,0.866602169584329,239832,13,13,1.00631941784757,0.921283114151301,0.998660532002881
"hsa04215",0.00379308741715697,17,0.894756862405943,0.708373605916203,0.896976925227385,116078,12,12,1.00631941784757,0.927118496640167,0.998660532002881
"hsa00051",0.00315229687637211,14,0.886645251165681,0.708423217221629,0.896976925227385,132844,9,9,1.00631941784757,0.944840503332067,0.998660532002881
"hsa05222",0.00843927082633827,39,0.922589805068551,0.714237667951679,0.898109014202137,96833,23,23,1.00631941784757,0.864854146354716,0.998660532002881
"hsa05030",0.00444808331051868,20,0.897647966096284,0.714711377668367,0.898109014202137,180450,13,13,1.00631941784757,0.921283114151301,0.998660532002881
"hsa05418",0.0169916679150158,80,0.939946085736621,0.726560019998985,0.909565739322038,96089,44,44,1.00631941784757,0.757051912662025,0.998660532002881
"hsa04924",0.00894007407445671,41,0.91557032437239,0.735030643082584,0.913002341067403,184619,27,27,1.00631941784757,0.843233860746671,0.998660532002881
"hsa04928",0.014985355572889,70,0.93256681234722,0.737560276981361,0.913002341067403,172871,42,42,1.00631941784757,0.766729410170926,0.998660532002881
"hsa00230",0.0114601036215901,53,0.923286091615966,0.738415077164637,0.913002341067403,169013,34,34,1.00631941784757,0.806653008501643,0.998660532002881
"hsa04115",0.00706987483792984,32,0.903622885156041,0.740272168433029,0.913002341067403,100218,22,22,1.00631941784757,0.870342643821967,0.998660532002881
"hsa04966",0.00198151754490183,8,0.806011119505224,0.773253286055046,0.949360338359288,69077,7,7,1.00631941784757,0.956837203874392,0.998660532002881
"hsa00250",0.00484867425318587,21,0.864659773915502,0.77545348959077,0.949360338359288,146663,13,13,1.00631941784757,0.921283114151301,0.998660532002881
"hsa04061",0.00701615277727557,31,0.882087412912601,0.781049388341681,0.950812412104481,128684,20,21,0.958399445569112,0.992545875705142,0.998660532002881
"hsa04814",0.0208524244662662,97,0.928675836921999,0.782350152902786,0.950812412104481,156628,49,50,0.986193029490617,0.961161615376682,0.998660532002881
"hsa04080",0.0403563735542825,191,0.944865957649247,0.797535933449761,0.965743512140983,168358,128,129,0.998518492127819,0.80628849303881,0.998660532002881
"hsa00480",0.00563565078594342,24,0.850190280775996,0.812474971313724,0.980268715389384,73588,14,14,1.00631941784757,0.915483353989723,0.998660532002881
"hsa04923",0.00674366828693779,29,0.858520691097656,0.817883745873949,0.983232084389982,133183,20,20,1.00631941784757,0.881421146618562,0.998660532002881
"hsa04820",0.0253157462459127,117,0.922665105459713,0.822589347429333,0.985331844222907,146975,71,72,0.992342759266352,0.925554046934566,0.998660532002881
"hsa04261",0.0166964548605551,75,0.896780103185293,0.843229266572768,1,187284,47,48,0.985354429975744,0.963958765311623,0.998660532002881
"hsa00910",0.00309082644158501,12,0.775096178095272,0.845575667733349,1,192356,7,7,1.00631941784757,0.956837203874392,0.998660532002881
"hsa01240",0.0148590570745239,66,0.886750930767128,0.852003335203846,1,153621,41,42,0.98235943170834,0.971841736458687,0.998660532002881
"hsa04371",0.0207245762930745,93,0.895872605218186,0.870002290318126,1,159144,51,52,0.986967121350499,0.95828370481555,0.998660532002881
"hsa05207",0.0238998600127073,108,0.902147119137571,0.871718348210334,1,117583,68,69,0.991735078458473,0.930878466978194,0.998660532002881
"hsa03060",0.00272716941561762,10,0.732043435557828,0.873861189196016,1,171544,8,8,1.00631941784757,0.950820506517713,0.998660532002881
"hsa04740",0.0157273915356761,68,0.863179628613711,0.902168730787534,1,80184,61,61,1.00631941784757,0.679437966810253,0.998660532002881
"hsa01040",0.00291597146532086,10,0.684645406205058,0.916644898106141,1,58580,6,6,1.00631941784757,0.962890813484794,0.998660532002881
"hsa04260",0.0113771960183688,47,0.824729607025175,0.922317522075289,1,134969,23,24,0.964389442103919,0.990317505888971,0.998660532002881
"hsa05410",0.0106297361936887,43,0.807597447153196,0.934592169641744,1,211682,31,32,0.974871936039831,0.983134869396854,0.998660532002881
"hsa01250",0.00263031473895728,8,0.607199264419097,0.950918912877705,1,44789,6,6,1.00631941784757,0.962890813484794,0.998660532002881
"hsa05414",0.0124144450356167,50,0.804065933929919,0.951193085366192,1,201597,35,36,0.978366100685136,0.978909894416926,0.998660532002881
"hsa05164",0.0181967983718083,76,0.833810918244795,0.954170699415677,1,71555,43,43,1.00631941784757,0.761875761497293,0.998660532002881
"hsa00830",0.011074492868913,42,0.757136897043505,0.974484503815652,1,85365,23,23,1.00631941784757,0.864854146354716,0.998660532002881
"hsa04658",0.0216352685328195,89,0.821252462913682,0.9759435492989,1,85593,39,39,1.00631941784757,0.781470943432836,0.998660532002881
"hsa04659",0.0197307181709705,80,0.80946124760699,0.978079068849519,1,79149,41,41,1.00631941784757,0.7716130369873,0.998660532002881
"hsa05152",0.0210853922485265,85,0.80479674179265,0.983600952147057,1,57876,49,49,1.00631941784757,0.733373496944308,0.998660532002881
"hsa05321",0.0156625634720981,60,0.764781501539042,0.987226580821537,1,87615,25,25,1.00631941784757,0.853977658860078,0.998660532002881
"hsa05322",0.0145426651307667,54,0.741308063700095,0.991239524362385,1,48329,28,28,1.00631941784757,0.837911229261469,0.998660532002881
"hsa00860",0.0070853715861955,22,0.619881988820808,0.994017462832674,1,61158,13,13,1.00631941784757,0.921283114151301,0.998660532002881
"hsa00980",0.0116388327849206,39,0.668966155839933,0.997082156088065,1,54365,24,24,1.00631941784757,0.859399217679313,0.998660532002881
"hsa05145",0.0221037868887178,83,0.749653159921681,0.997616763445057,1,63477,47,47,1.00631941784757,0.742757397505983,0.998660532002881
"hsa05140",0.0165544013347866,58,0.69946096402402,0.99845905733096,1,56705,30,30,1.00631941784757,0.827363529382699,0.998660532002881
"hsa03020",0.00467356099778397,11,0.46988733349879,0.998479773690903,1,99001,6,6,1.00631941784757,0.962890813484794,0.998660532002881
"hsa05150",0.0143071145571288,48,0.669789216396442,0.998823007660934,1,32843,24,24,1.00631941784757,0.859399217679313,0.998660532002881
"hsa04976",0.0141072065045018,47,0.665128875676656,0.998914070060789,1,97189,29,29,1.00631941784757,0.832621183237816,0.998660532002881
"hsa00053",0.0065618397739541,17,0.517216377284644,0.999148670450887,1,60998,9,9,1.00631941784757,0.944840503332067,0.998660532002881
"hsa00983",0.0126776314769951,40,0.629898880395648,0.999393189648886,1,59859,24,24,1.00631941784757,0.859399217679313,0.998660532002881
"hsa04640",0.0159032796284913,53,0.665331587538442,0.999422644227873,1,57874,30,30,1.00631941784757,0.827363529382699,0.998660532002881
"hsa00982",0.0103048210383854,30,0.58120557191251,0.999581283288943,1,59155,18,18,1.00631941784757,0.892636340619636,0.998660532002881
"hsa04672",0.0132623754448858,41,0.617179520688347,0.999698153208457,1,64283,18,18,1.00631941784757,0.892636340619636,0.998660532002881
"hsa05204",0.0107067033767414,31,0.578036005494544,0.999699243253216,1,58304,18,18,1.00631941784757,0.892636340619636,0.998660532002881
"hsa00140",0.0107539684589517,31,0.575495462491794,0.999730712722794,1,73115,20,20,1.00631941784757,0.881421146618562,0.998660532002881
"hsa05323",0.0161587176957368,52,0.642459001446326,0.999779327105592,1,74310,28,29,0.971618748266617,0.986032517923721,0.998660532002881
"hsa05165",0.049520375641178,196,0.790171041175599,0.999798594842529,1,111381,105,106,0.996825838433912,0.857617133698448,0.998660532002881
"hsa00040",0.00710551735894085,17,0.47764164448016,0.9998136321847,1,65515,10,10,1.00631941784757,0.938896977481903,0.998660532002881
"hsa05167",0.0367773995423294,139,0.754540839088486,0.999823558648977,1,84808,61,62,0.990088459495188,0.942762692876682,0.998660532002881
"hsa05203",0.0381581598127993,145,0.758629187916603,0.999826749770593,1,88854,64,64,1.00631941784757,0.666567213793599,0.998660532002881
"hsa04144",0.0456764072338821,178,0.777995409200961,0.999839311185478,1,102711,86,86,1.00631941784757,0.57914425919051,0.998660532002881
"hsa05310",0.0114549380388349,30,0.522850440985892,0.999975230297345,1,30878,12,12,1.00631941784757,0.927118496640167,0.998660532002881
"hsa05170",0.036371643016907,131,0.719047108301356,0.999978543840578,1,85157,54,55,0.98802270115943,0.953820490136007,0.998660532002881
"hsa05163",0.0389864610075986,138,0.706666072048867,0.999995407752062,1,105024,61,62,0.990088459495188,0.942762692876682,0.998660532002881
"hsa04218",0.0344903377774564,117,0.677231862166443,0.999997984339524,1,88821,43,43,1.00631941784757,0.761875761497293,0.998660532002881
"hsa04650",0.0308405952817567,95,0.614964181985491,0.999999927893201,1,74160,36,36,1.00631941784757,0.796487156445585,0.998660532002881
"hsa05166",0.0521778096896001,179,0.684882634901254,0.999999986529558,1,93008,74,74,1.00631941784757,0.625349664680532,0.998660532002881
"hsa05169",0.0464620923709508,143,0.614449566101628,0.99999999995893,1,75614,64,64,1.00631941784757,0.666567213793599,0.998660532002881
"hsa04145",0.0444663694734721,135,0.606109462993099,0.9999999999598,1,69646,60,60,1.00631941784757,0.683781526071149,0.998660532002881
"hsa04514",0.0486851009096591,145,0.594594511468551,0.999999999998951,1,100719,62,62,1.00631941784757,0.675121168022278,0.998660532002881
"hsa05168",0.0402192273321315,107,0.531127787090865,0.99999999999996,1,52881,44,44,1.00631941784757,0.757051912662025,0.998660532002881
"hsa05416",0.0374424683220638,92,0.490537625642082,0.999999999999999,1,68052,33,34,0.976721787910875,0.981072872741156,0.998660532002881
"hsa04612",0.0348550279199748,81,0.46394719381143,1,1,40913,29,29,1.00631941784757,0.832621183237816,0.998660532002881
"hsa04940",0.0371036060933214,82,0.441211374424162,1,1,62658,22,22,1.00631941784757,0.870342643821967,0.998660532002881
"hsa05320",0.0337059440360764,71,0.420533716847184,1,1,39539,19,19,1.00631941784757,0.887011555582316,0.998660532002881
"hsa05330",0.0333012206272051,70,0.419649640922835,1,1,37593,18,18,1.00631941784757,0.892636340619636,0.998660532002881
"hsa05332",0.0336101224759671,70,0.415792750784868,1,1,36046,21,21,1.00631941784757,0.875864910164233,0.998660532002881
