ID	Description	GeneRatio	BgRatio	RichFactor	FoldEnrichment	zScore	pvalue	p.adjust	qvalue	geneID	Count	comparison
GO:0032024	positive regulation of insulin secretion	2/4	88/18986	0.0227272727272727	107.875	14.5872643519236	0.000126672505271174	0.0148475802789412	0.00329476888124441	HLA-DRB1/IRS2	2	Pooled_Q5
GO:0090277	positive regulation of peptide hormone secretion	2/4	114/18986	0.0175438596491228	83.2719298245614	12.7896735103182	0.000212749344610457	0.0148475802789412	0.00329476888124441	HLA-DRB1/IRS2	2	Pooled_Q5
GO:0002793	positive regulation of peptide secretion	2/4	116/18986	0.0172413793103448	81.8362068965517	12.6769063842025	0.000220282271930606	0.0148475802789412	0.00329476888124441	HLA-DRB1/IRS2	2	Pooled_Q5
GO:0046887	positive regulation of hormone secretion	2/4	147/18986	0.0136054421768707	64.578231292517	11.2331743114133	0.000353626283688469	0.0148475802789412	0.00329476888124441	HLA-DRB1/IRS2	2	Pooled_Q5
GO:0071333	cellular response to glucose stimulus	2/4	148/18986	0.0135135135135135	64.1418918918919	11.1942593276265	0.000358445189747915	0.0148475802789412	0.00329476888124441	HLA-DRB1/IRS2	2	Pooled_Q5
GO:0050714	positive regulation of protein secretion	2/4	150/18986	0.0133333333333333	63.2866666666667	11.1175909327176	0.000368179794667677	0.0148475802789412	0.00329476888124441	HLA-DRB1/IRS2	2	Pooled_Q5
GO:0071331	cellular response to hexose stimulus	2/4	151/18986	0.0132450331125828	62.8675496688742	11.0798246916332	0.000373095479662098	0.0148475802789412	0.00329476888124441	HLA-DRB1/IRS2	2	Pooled_Q5
GO:0071326	cellular response to monosaccharide stimulus	2/4	153/18986	0.0130718954248366	62.0457516339869	11.0053971500876	0.000383023580059437	0.0148475802789412	0.00329476888124441	HLA-DRB1/IRS2	2	Pooled_Q5
GO:0071322	cellular response to carbohydrate stimulus	2/4	163/18986	0.0122699386503067	58.239263803681	10.6538783195368	0.000434596888406268	0.0148475802789412	0.00329476888124441	HLA-DRB1/IRS2	2	Pooled_Q5
GO:0001678	intracellular glucose homeostasis	2/4	170/18986	0.0117647058823529	55.8411764705882	10.4263400039112	0.000472612293464644	0.0148475802789412	0.00329476888124441	HLA-DRB1/IRS2	2	Pooled_Q5
GO:0050796	regulation of insulin secretion	2/4	173/18986	0.0115606936416185	54.8728323699422	10.3330408168839	0.000489386460996185	0.0148475802789412	0.00329476888124441	HLA-DRB1/IRS2	2	Pooled_Q5
GO:0090276	regulation of peptide hormone secretion	2/4	204/18986	0.00980392156862745	46.5343137254902	9.49177146156353	0.000679598740403228	0.0148475802789412	0.00329476888124441	HLA-DRB1/IRS2	2	Pooled_Q5
GO:0009749	response to glucose	2/4	206/18986	0.00970873786407767	46.0825242718447	9.4440516429978	0.000692924716269524	0.0148475802789412	0.00329476888124441	HLA-DRB1/IRS2	2	Pooled_Q5
GO:0030073	insulin secretion	2/4	206/18986	0.00970873786407767	46.0825242718447	9.4440516429978	0.000692924716269524	0.0148475802789412	0.00329476888124441	HLA-DRB1/IRS2	2	Pooled_Q5
GO:0002791	regulation of peptide secretion	2/4	207/18986	0.00966183574879227	45.8599033816425	9.42044866929401	0.000699635505704321	0.0148475802789412	0.00329476888124441	HLA-DRB1/IRS2	2	Pooled_Q5
GO:0090087	regulation of peptide transport	2/4	207/18986	0.00966183574879227	45.8599033816425	9.42044866929401	0.000699635505704321	0.0148475802789412	0.00329476888124441	HLA-DRB1/IRS2	2	Pooled_Q5
GO:0009746	response to hexose	2/4	211/18986	0.00947867298578199	44.9905213270142	9.32770227072285	0.000726797179102534	0.0148475802789412	0.00329476888124441	HLA-DRB1/IRS2	2	Pooled_Q5
GO:0034284	response to monosaccharide	2/4	218/18986	0.0091743119266055	43.545871559633	9.17151299978386	0.000775555330412352	0.0148475802789412	0.00329476888124441	HLA-DRB1/IRS2	2	Pooled_Q5
GO:0050670	regulation of lymphocyte proliferation	2/4	240/18986	0.00833333333333333	39.5541666666667	8.7254321720284	0.000938922889543592	0.0148475802789412	0.00329476888124441	HLA-DRB1/IRS2	2	Pooled_Q5
GO:0009743	response to carbohydrate	2/4	243/18986	0.00823045267489712	39.0658436213992	8.66928649193256	0.000962388083363552	0.0148475802789412	0.00329476888124441	HLA-DRB1/IRS2	2	Pooled_Q5
GO:0032944	regulation of mononuclear cell proliferation	2/4	245/18986	0.00816326530612245	38.7469387755102	8.63242294513496	0.00097818960936245	0.0148475802789412	0.00329476888124441	HLA-DRB1/IRS2	2	Pooled_Q5
GO:0030072	peptide hormone secretion	2/4	250/18986	0.008	37.972	8.5421820280584	0.00101824624510848	0.0148475802789412	0.00329476888124441	HLA-DRB1/IRS2	2	Pooled_Q5
GO:0002790	peptide secretion	2/4	257/18986	0.00778210116731518	36.9377431906615	8.42023824268402	0.00107565095692914	0.0148475802789412	0.00329476888124441	HLA-DRB1/IRS2	2	Pooled_Q5
GO:0051222	positive regulation of protein transport	2/4	257/18986	0.00778210116731518	36.9377431906615	8.42023824268402	0.00107565095692914	0.0148475802789412	0.00329476888124441	HLA-DRB1/IRS2	2	Pooled_Q5
GO:0046883	regulation of hormone secretion	2/4	261/18986	0.00766283524904215	36.3716475095785	8.35273957145046	0.00110914711126171	0.0148475802789412	0.00329476888124441	HLA-DRB1/IRS2	2	Pooled_Q5
GO:0042593	glucose homeostasis	2/4	265/18986	0.00754716981132076	35.822641509434	8.28675385719149	0.00114314705170375	0.0148475802789412	0.00329476888124441	HLA-DRB1/IRS2	2	Pooled_Q5
GO:0033500	carbohydrate homeostasis	2/4	266/18986	0.0075187969924812	35.687969924812	8.27048716435485	0.00115172570186756	0.0148475802789412	0.00329476888124441	HLA-DRB1/IRS2	2	Pooled_Q5
GO:0015833	peptide transport	2/4	270/18986	0.00740740740740741	35.1592592592593	8.20631380566512	0.00118635475668477	0.0148475802789412	0.00329476888124441	HLA-DRB1/IRS2	2	Pooled_Q5
GO:0070663	regulation of leukocyte proliferation	2/4	270/18986	0.00740740740740741	35.1592592592593	8.20631380566512	0.00118635475668477	0.0148475802789412	0.00329476888124441	HLA-DRB1/IRS2	2	Pooled_Q5
GO:0050708	regulation of protein secretion	2/4	272/18986	0.00735294117647059	34.9007352941177	8.17475168191361	0.00120385786045469	0.0148475802789412	0.00329476888124441	HLA-DRB1/IRS2	2	Pooled_Q5
GO:0046651	lymphocyte proliferation	2/4	297/18986	0.00673400673400673	31.962962962963	7.80714090712972	0.0014332301452312	0.0166825121865856	0.00370195149517406	HLA-DRB1/IRS2	2	Pooled_Q5
GO:1903532	positive regulation of secretion by cell	2/4	298/18986	0.00671140939597315	31.8557046979866	7.79339162880388	0.00144281186478579	0.0166825121865856	0.00370195149517406	HLA-DRB1/IRS2	2	Pooled_Q5
GO:0032943	mononuclear cell proliferation	2/4	305/18986	0.00655737704918033	31.1245901639344	7.69901770761849	0.00151075803617906	0.0169388022238258	0.0037588238220723	HLA-DRB1/IRS2	2	Pooled_Q5
GO:0046879	hormone secretion	2/4	319/18986	0.00626959247648903	29.7586206896552	7.51952560323834	0.00165123220449568	0.0171940991327962	0.00381547576773287	HLA-DRB1/IRS2	2	Pooled_Q5
GO:0051047	positive regulation of secretion	2/4	322/18986	0.0062111801242236	29.4813664596273	7.48256859043945	0.00168212722245838	0.0171940991327962	0.00381547576773287	HLA-DRB1/IRS2	2	Pooled_Q5
GO:1904951	positive regulation of establishment of protein localization	2/4	327/18986	0.00611620795107034	29.0305810397554	7.42208811696443	0.00173424019870846	0.0171940991327962	0.00381547576773287	HLA-DRB1/IRS2	2	Pooled_Q5
GO:0042886	amide transport	2/4	328/18986	0.00609756097560976	28.9420731707317	7.41015538607592	0.00174475592438178	0.0171940991327962	0.00381547576773287	HLA-DRB1/IRS2	2	Pooled_Q5
GO:0009914	hormone transport	2/4	330/18986	0.00606060606060606	28.7666666666667	7.3864499930324	0.00176588045147637	0.0171940991327962	0.00381547576773287	HLA-DRB1/IRS2	2	Pooled_Q5
GO:0051251	positive regulation of lymphocyte activation	2/4	336/18986	0.00595238095238095	28.2529761904762	7.31658579076379	0.00182999814680476	0.0173615208799426	0.00385262767748371	HLA-DRB1/IRS2	2	Pooled_Q5
GO:0070661	leukocyte proliferation	2/4	341/18986	0.00586510263929619	27.8387096774194	7.25975458988364	0.00188428137628154	0.0174296027306042	0.00386773545657789	HLA-DRB1/IRS2	2	Pooled_Q5
GO:0015911	long-chain fatty acid import across plasma membrane	1/4	10/18986	0.1	474.65	21.7480096818604	0.00210531783851786	0.0181801188273586	0.00403427956908669	IRS2	1	Pooled_Q5
GO:0045657	positive regulation of monocyte differentiation	1/4	10/18986	0.1	474.65	21.7480096818604	0.00210531783851786	0.0181801188273586	0.00403427956908669	HLA-DRB1	1	Pooled_Q5
GO:0002696	positive regulation of leukocyte activation	2/4	371/18986	0.00539083557951483	25.5876010781671	6.94281998139054	0.00222619374199026	0.0181801188273586	0.00403427956908669	HLA-DRB1/IRS2	2	Pooled_Q5
GO:0009306	protein secretion	2/4	371/18986	0.00539083557951483	25.5876010781671	6.94281998139054	0.00222619374199026	0.0181801188273586	0.00403427956908669	HLA-DRB1/IRS2	2	Pooled_Q5
GO:0035592	establishment of protein localization to extracellular region	2/4	374/18986	0.0053475935828877	25.3823529411765	6.91320132558969	0.00226190935660387	0.0181801188273586	0.00403427956908669	HLA-DRB1/IRS2	2	Pooled_Q5
GO:0002361	CD4-positive, CD25-positive, alpha-beta regulatory T cell differentiation	1/4	11/18986	0.0909090909090909	431.5	20.7320820025877	0.00231566663324001	0.0181801188273586	0.00403427956908669	HLA-DRB1	1	Pooled_Q5
GO:0032000	positive regulation of fatty acid beta-oxidation	1/4	11/18986	0.0909090909090909	431.5	20.7320820025877	0.00231566663324001	0.0181801188273586	0.00403427956908669	IRS2	1	Pooled_Q5
GO:0071692	protein localization to extracellular region	2/4	382/18986	0.00523560209424084	24.8507853403141	6.83589702007865	0.0023585019019276	0.0181801188273586	0.00403427956908669	HLA-DRB1/IRS2	2	Pooled_Q5
GO:0050867	positive regulation of cell activation	2/4	391/18986	0.0051150895140665	24.2787723785166	6.75172388029916	0.00246951377968388	0.0186473489486334	0.0041379607908774	HLA-DRB1/IRS2	2	Pooled_Q5
GO:0043380	regulation of memory T cell differentiation	1/4	12/18986	0.0833333333333333	395.541666666667	19.8457886334613	0.00252598217123545	0.0186922680671423	0.00414792861802874	HLA-DRB1	1	Pooled_Q5
GO:0043379	memory T cell differentiation	1/4	13/18986	0.0769230769230769	365.115384615385	19.063692045631	0.0027362644560105	0.0187903613538083	0.00416969611834153	HLA-DRB1	1	Pooled_Q5
GO:0061469	regulation of type B pancreatic cell proliferation	1/4	14/18986	0.0714285714285714	339.035714285714	18.3668364458697	0.00294651349106945	0.0187903613538083	0.00416969611834153	IRS2	1	Pooled_Q5
GO:0090715	immunological memory formation process	1/4	14/18986	0.0714285714285714	339.035714285714	18.3668364458697	0.00294651349106945	0.0187903613538083	0.00416969611834153	HLA-DRB1	1	Pooled_Q5
GO:1901653	cellular response to peptide	1/4	14/18986	0.0714285714285714	339.035714285714	18.3668364458697	0.00294651349106945	0.0187903613538083	0.00416969611834153	IRS2	1	Pooled_Q5
GO:1902047	polyamine transmembrane transport	1/4	14/18986	0.0714285714285714	339.035714285714	18.3668364458697	0.00294651349106945	0.0187903613538083	0.00416969611834153	ATP13A3	1	Pooled_Q5
GO:0002840	regulation of T cell mediated immune response to tumor cell	1/4	15/18986	0.0666666666666667	316.433333333333	17.7407679259986	0.00315672927991806	0.0187903613538083	0.00416969611834153	HLA-DRB1	1	Pooled_Q5
GO:0002903	negative regulation of B cell apoptotic process	1/4	15/18986	0.0666666666666667	316.433333333333	17.7407679259986	0.00315672927991806	0.0187903613538083	0.00416969611834153	IRS2	1	Pooled_Q5
GO:0046321	positive regulation of fatty acid oxidation	1/4	15/18986	0.0666666666666667	316.433333333333	17.7407679259986	0.00315672927991806	0.0187903613538083	0.00416969611834153	IRS2	1	Pooled_Q5
GO:0046598	positive regulation of viral entry into host cell	1/4	15/18986	0.0666666666666667	316.433333333333	17.7407679259986	0.00315672927991806	0.0187903613538083	0.00416969611834153	HLA-DRB1	1	Pooled_Q5
GO:0075294	positive regulation by symbiont of entry into host	1/4	15/18986	0.0666666666666667	316.433333333333	17.7407679259986	0.00315672927991806	0.0187903613538083	0.00416969611834153	HLA-DRB1	1	Pooled_Q5
GO:0051223	regulation of protein transport	2/4	446/18986	0.00448430493273543	21.2847533632287	6.29283881604865	0.00320158909398384	0.0187903613538083	0.00416969611834153	HLA-DRB1/IRS2	2	Pooled_Q5
GO:0002399	MHC class II protein complex assembly	1/4	16/18986	0.0625	296.65625	17.1742468927507	0.00336691182606097	0.0187903613538083	0.00416969611834153	HLA-DRB1	1	Pooled_Q5
GO:0002468	dendritic cell antigen processing and presentation	1/4	16/18986	0.0625	296.65625	17.1742468927507	0.00336691182606097	0.0187903613538083	0.00416969611834153	HLA-DRB1	1	Pooled_Q5
GO:0002503	peptide antigen assembly with MHC class II protein complex	1/4	16/18986	0.0625	296.65625	17.1742468927507	0.00336691182606097	0.0187903613538083	0.00416969611834153	HLA-DRB1	1	Pooled_Q5
GO:0015846	polyamine transport	1/4	16/18986	0.0625	296.65625	17.1742468927507	0.00336691182606097	0.0187903613538083	0.00416969611834153	ATP13A3	1	Pooled_Q5
GO:0016045	detection of bacterium	1/4	16/18986	0.0625	296.65625	17.1742468927507	0.00336691182606097	0.0187903613538083	0.00416969611834153	HLA-DRB1	1	Pooled_Q5
GO:0043549	regulation of kinase activity	2/4	460/18986	0.00434782608695652	20.6369565217391	6.18908684027382	0.00340257894785178	0.0187903613538083	0.00416969611834153	HLA-DRB1/IRS2	2	Pooled_Q5
GO:0045725	positive regulation of glycogen biosynthetic process	1/4	17/18986	0.0588235294117647	279.205882352941	16.6583837597019	0.00357706113300338	0.0194572694568556	0.00431768710564647	IRS2	1	Pooled_Q5
GO:0002424	T cell mediated immune response to tumor cell	1/4	18/18986	0.0555555555555556	263.694444444444	16.1860427166752	0.00378717720424926	0.0194572694568556	0.00431768710564647	HLA-DRB1	1	Pooled_Q5
GO:0002836	positive regulation of response to tumor cell	1/4	18/18986	0.0555555555555556	263.694444444444	16.1860427166752	0.00378717720424926	0.0194572694568556	0.00431768710564647	HLA-DRB1	1	Pooled_Q5
GO:0002839	positive regulation of immune response to tumor cell	1/4	18/18986	0.0555555555555556	263.694444444444	16.1860427166752	0.00378717720424926	0.0194572694568556	0.00431768710564647	HLA-DRB1	1	Pooled_Q5
GO:0044539	long-chain fatty acid import into cell	1/4	18/18986	0.0555555555555556	263.694444444444	16.1860427166752	0.00378717720424926	0.0194572694568556	0.00431768710564647	IRS2	1	Pooled_Q5
GO:0023061	signal release	2/4	493/18986	0.00405679513184584	19.2555780933063	5.96183121844558	0.00389967362171205	0.0194572694568556	0.00431768710564647	HLA-DRB1/IRS2	2	Pooled_Q5
GO:1903829	positive regulation of protein localization	2/4	497/18986	0.00402414486921529	19.1006036217304	5.9357944452115	0.0039621455033792	0.0194572694568556	0.00431768710564647	HLA-DRB1/IRS2	2	Pooled_Q5
GO:0098543	detection of other organism	1/4	19/18986	0.0526315789473684	249.815789473684	15.7514205444819	0.00399726004330381	0.0194572694568556	0.00431768710564647	HLA-DRB1	1	Pooled_Q5
GO:0002902	regulation of B cell apoptotic process	1/4	20/18986	0.05	237.325	15.3497428110792	0.00420730965367067	0.0194572694568556	0.00431768710564647	IRS2	1	Pooled_Q5
GO:0031998	regulation of fatty acid beta-oxidation	1/4	20/18986	0.05	237.325	15.3497428110792	0.00420730965367067	0.0194572694568556	0.00431768710564647	IRS2	1	Pooled_Q5
GO:0045655	regulation of monocyte differentiation	1/4	20/18986	0.05	237.325	15.3497428110792	0.00420730965367067	0.0194572694568556	0.00431768710564647	HLA-DRB1	1	Pooled_Q5
GO:0070875	positive regulation of glycogen metabolic process	1/4	20/18986	0.05	237.325	15.3497428110792	0.00420730965367067	0.0194572694568556	0.00431768710564647	IRS2	1	Pooled_Q5
GO:1902001	fatty acid transmembrane transport	1/4	20/18986	0.05	237.325	15.3497428110792	0.00420730965367067	0.0194572694568556	0.00431768710564647	IRS2	1	Pooled_Q5
GO:0002396	MHC protein complex assembly	1/4	21/18986	0.0476190476190476	226.02380952381	14.9770406483718	0.0044173260388537	0.0194572694568556	0.00431768710564647	HLA-DRB1	1	Pooled_Q5
GO:0002501	peptide antigen assembly with MHC protein complex	1/4	21/18986	0.0476190476190476	226.02380952381	14.9770406483718	0.0044173260388537	0.0194572694568556	0.00431768710564647	HLA-DRB1	1	Pooled_Q5
GO:0090713	immunological memory process	1/4	21/18986	0.0476190476190476	226.02380952381	14.9770406483718	0.0044173260388537	0.0194572694568556	0.00431768710564647	HLA-DRB1	1	Pooled_Q5
GO:0140354	lipid import into cell	1/4	21/18986	0.0476190476190476	226.02380952381	14.9770406483718	0.0044173260388537	0.0194572694568556	0.00431768710564647	IRS2	1	Pooled_Q5
GO:0032891	negative regulation of organic acid transport	1/4	24/18986	0.0416666666666667	197.770833333333	14.0019520636107	0.00504717587833992	0.0217145938951834	0.00481860120575904	IRS2	1	Pooled_Q5
GO:0045591	positive regulation of regulatory T cell differentiation	1/4	24/18986	0.0416666666666667	197.770833333333	14.0019520636107	0.00504717587833992	0.0217145938951834	0.00481860120575904	HLA-DRB1	1	Pooled_Q5
GO:0002483	antigen processing and presentation of endogenous peptide antigen	1/4	25/18986	0.04	189.86	13.7165118316761	0.00525705939782517	0.0221035451954013	0.00490491187835363	HLA-DRB1	1	Pooled_Q5
GO:1903902	positive regulation of viral life cycle	1/4	25/18986	0.04	189.86	13.7165118316761	0.00525705939782517	0.0221035451954013	0.00490491187835363	HLA-DRB1	1	Pooled_Q5
GO:0001783	B cell apoptotic process	1/4	26/18986	0.0384615384615385	182.557692307692	13.4476523561935	0.00546690970964492	0.022228094423831	0.00493255011396534	IRS2	1	Pooled_Q5
GO:0002053	positive regulation of mesenchymal cell proliferation	1/4	26/18986	0.0384615384615385	182.557692307692	13.4476523561935	0.00546690970964492	0.022228094423831	0.00493255011396534	IRS2	1	Pooled_Q5
GO:0098581	detection of external biotic stimulus	1/4	26/18986	0.0384615384615385	182.557692307692	13.4476523561935	0.00546690970964492	0.022228094423831	0.00493255011396534	HLA-DRB1	1	Pooled_Q5
GO:0002837	regulation of immune response to tumor cell	1/4	27/18986	0.037037037037037	175.796296296296	13.1938246213563	0.00567672681730091	0.0228303143739276	0.00506618640445619	HLA-DRB1	1	Pooled_Q5
GO:0002834	regulation of response to tumor cell	1/4	28/18986	0.0357142857142857	169.517857142857	12.9536749837385	0.00588651072429669	0.0229264101893661	0.00508751065368578	HLA-DRB1	1	Pooled_Q5
GO:0044342	type B pancreatic cell proliferation	1/4	28/18986	0.0357142857142857	169.517857142857	12.9536749837385	0.00588651072429669	0.0229264101893661	0.00508751065368578	IRS2	1	Pooled_Q5
GO:0050996	positive regulation of lipid catabolic process	1/4	28/18986	0.0357142857142857	169.517857142857	12.9536749837385	0.00588651072429669	0.0229264101893661	0.00508751065368578	IRS2	1	Pooled_Q5
GO:0019886	antigen processing and presentation of exogenous peptide antigen via MHC class II	1/4	31/18986	0.032258064516129	153.112903225806	12.3040849169709	0.00651566327634501	0.0251124522109131	0.0055726067495056	HLA-DRB1	1	Pooled_Q5
GO:0005979	regulation of glycogen biosynthetic process	1/4	32/18986	0.03125	148.328125	12.1080588919902	0.00672531441572233	0.0251350134729016	0.00557761323154005	IRS2	1	Pooled_Q5
GO:0010962	regulation of glucan biosynthetic process	1/4	32/18986	0.03125	148.328125	12.1080588919902	0.00672531441572233	0.0251350134729016	0.00557761323154005	IRS2	1	Pooled_Q5
GO:0019883	antigen processing and presentation of endogenous antigen	1/4	32/18986	0.03125	148.328125	12.1080588919902	0.00672531441572233	0.0251350134729016	0.00557761323154005	HLA-DRB1	1	Pooled_Q5
GO:0010464	regulation of mesenchymal cell proliferation	1/4	33/18986	0.0303030303030303	143.833333333333	11.9209776034617	0.00693493237194998	0.0251759175710087	0.00558669010110576	IRS2	1	Pooled_Q5
GO:0035774	positive regulation of insulin secretion involved in cellular response to glucose stimulus	1/4	33/18986	0.0303030303030303	143.833333333333	11.9209776034617	0.00693493237194998	0.0251759175710087	0.00558669010110576	HLA-DRB1	1	Pooled_Q5
GO:0002418	immune response to tumor cell	1/4	34/18986	0.0294117647058824	139.602941176471	11.7421788958354	0.00714451714852948	0.0251759175710087	0.00558669010110576	HLA-DRB1	1	Pooled_Q5
GO:0002862	negative regulation of inflammatory response to antigenic stimulus	1/4	34/18986	0.0294117647058824	139.602941176471	11.7421788958354	0.00714451714852948	0.0251759175710087	0.00558669010110576	HLA-DRB1	1	Pooled_Q5
GO:0046320	regulation of fatty acid oxidation	1/4	34/18986	0.0294117647058824	139.602941176471	11.7421788958354	0.00714451714852948	0.0251759175710087	0.00558669010110576	IRS2	1	Pooled_Q5
GO:2000191	regulation of fatty acid transport	1/4	34/18986	0.0294117647058824	139.602941176471	11.7421788958354	0.00714451714852948	0.0251759175710087	0.00558669010110576	IRS2	1	Pooled_Q5
GO:0002495	antigen processing and presentation of peptide antigen via MHC class II	1/4	35/18986	0.0285714285714286	135.614285714286	11.5710672944955	0.00735406874896227	0.0251944947881115	0.00559081249921109	HLA-DRB1	1	Pooled_Q5
GO:0032633	interleukin-4 production	1/4	35/18986	0.0285714285714286	135.614285714286	11.5710672944955	0.00735406874896227	0.0251944947881115	0.00559081249921109	HLA-DRB1	1	Pooled_Q5
GO:0032673	regulation of interleukin-4 production	1/4	35/18986	0.0285714285714286	135.614285714286	11.5710672944955	0.00735406874896227	0.0251944947881115	0.00559081249921109	HLA-DRB1	1	Pooled_Q5
GO:0030224	monocyte differentiation	1/4	36/18986	0.0277777777777778	131.847222222222	11.4071056122817	0.00756358717674976	0.0256745619761231	0.00569734234463044	HLA-DRB1	1	Pooled_Q5
GO:0002504	antigen processing and presentation of peptide or polysaccharide antigen via MHC class II	1/4	37/18986	0.027027027027027	128.283783783784	11.2498078123026	0.00777307243539327	0.0259081936447857	0.00574918664094818	HLA-DRB1	1	Pooled_Q5
GO:0046326	positive regulation of D-glucose import	1/4	37/18986	0.027027027027027	128.283783783784	11.2498078123026	0.00777307243539327	0.0259081936447857	0.00574918664094818	IRS2	1	Pooled_Q5
GO:0043372	positive regulation of CD4-positive, alpha-beta T cell differentiation	1/4	38/18986	0.0263157894736842	124.907894736842	11.0987329106949	0.00798252452839343	0.0259081936447857	0.00574918664094818	HLA-DRB1	1	Pooled_Q5
GO:0045589	regulation of regulatory T cell differentiation	1/4	38/18986	0.0263157894736842	124.907894736842	11.0987329106949	0.00798252452839343	0.0259081936447857	0.00574918664094818	HLA-DRB1	1	Pooled_Q5
GO:0070229	negative regulation of lymphocyte apoptotic process	1/4	38/18986	0.0263157894736842	124.907894736842	11.0987329106949	0.00798252452839343	0.0259081936447857	0.00574918664094818	IRS2	1	Pooled_Q5
GO:0009595	detection of biotic stimulus	1/4	39/18986	0.0256410256410256	121.705128205128	10.9534797448565	0.00819194345925101	0.0263431509800218	0.00584570633411579	HLA-DRB1	1	Pooled_Q5
GO:0032885	regulation of polysaccharide biosynthetic process	1/4	40/18986	0.025	118.6625	10.8136824656149	0.00840132923146642	0.0263431509800218	0.00584570633411579	IRS2	1	Pooled_Q5
GO:0045923	positive regulation of fatty acid metabolic process	1/4	40/18986	0.025	118.6625	10.8136824656149	0.00840132923146642	0.0263431509800218	0.00584570633411579	IRS2	1	Pooled_Q5
GO:0070873	regulation of glycogen metabolic process	1/4	40/18986	0.025	118.6625	10.8136824656149	0.00840132923146642	0.0263431509800218	0.00584570633411579	IRS2	1	Pooled_Q5
GO:0001916	positive regulation of T cell mediated cytotoxicity	1/4	41/18986	0.024390243902439	115.768292682927	10.67900663784	0.00861068184853964	0.0265496023663306	0.00589151915952712	HLA-DRB1	1	Pooled_Q5
GO:0002478	antigen processing and presentation of exogenous peptide antigen	1/4	41/18986	0.024390243902439	115.768292682927	10.67900663784	0.00861068184853964	0.0265496023663306	0.00589151915952712	HLA-DRB1	1	Pooled_Q5
GO:0045066	regulatory T cell differentiation	1/4	42/18986	0.0238095238095238	113.011904761905	10.549145854766	0.00882000131397154	0.0269702519518138	0.00598486387550918	HLA-DRB1	1	Pooled_Q5
GO:0010828	positive regulation of D-glucose transmembrane transport	1/4	44/18986	0.0227272727272727	107.875	10.3027666078344	0.00923854080390985	0.0280185253889069	0.00621748216311448	IRS2	1	Pooled_Q5
GO:0010463	mesenchymal cell proliferation	1/4	45/18986	0.0222222222222222	105.477777777778	10.1857507219775	0.00944776083541576	0.028134414644355	0.00624319869775161	IRS2	1	Pooled_Q5
GO:0032689	negative regulation of type II interferon production	1/4	45/18986	0.0222222222222222	105.477777777778	10.1857507219775	0.00944776083541576	0.028134414644355	0.00624319869775161	HLA-DRB1	1	Pooled_Q5
GO:0005978	glycogen biosynthetic process	1/4	46/18986	0.0217391304347826	103.184782608696	10.0725507843468	0.00965694772927861	0.028134414644355	0.00624319869775161	IRS2	1	Pooled_Q5
GO:0009250	glucan biosynthetic process	1/4	46/18986	0.0217391304347826	103.184782608696	10.0725507843468	0.00965694772927861	0.028134414644355	0.00624319869775161	IRS2	1	Pooled_Q5
GO:0030890	positive regulation of B cell proliferation	1/4	46/18986	0.0217391304347826	103.184782608696	10.0725507843468	0.00965694772927861	0.028134414644355	0.00624319869775161	IRS2	1	Pooled_Q5
GO:0010634	positive regulation of epithelial cell migration	1/4	48/18986	0.0208333333333333	98.8854166666667	9.85679826832606	0.0100752221180725	0.0283397421851437	0.00628876213496788	IRS2	1	Pooled_Q5
GO:0032881	regulation of polysaccharide metabolic process	1/4	48/18986	0.0208333333333333	98.8854166666667	9.85679826832606	0.0100752221180725	0.0283397421851437	0.00628876213496788	IRS2	1	Pooled_Q5
GO:0045622	regulation of T-helper cell differentiation	1/4	48/18986	0.0208333333333333	98.8854166666667	9.85679826832606	0.0100752221180725	0.0283397421851437	0.00628876213496788	HLA-DRB1	1	Pooled_Q5
GO:2000516	positive regulation of CD4-positive, alpha-beta T cell activation	1/4	48/18986	0.0208333333333333	98.8854166666667	9.85679826832606	0.0100752221180725	0.0283397421851437	0.00628876213496788	HLA-DRB1	1	Pooled_Q5
GO:0002861	regulation of inflammatory response to antigenic stimulus	1/4	49/18986	0.0204081632653061	96.8673469387755	9.75388141022991	0.0102843096200015	0.0283397421851437	0.00628876213496788	HLA-DRB1	1	Pooled_Q5
GO:0032369	negative regulation of lipid transport	1/4	49/18986	0.0204081632653061	96.8673469387755	9.75388141022991	0.0102843096200015	0.0283397421851437	0.00628876213496788	IRS2	1	Pooled_Q5
GO:0042088	T-helper 1 type immune response	1/4	49/18986	0.0204081632653061	96.8673469387755	9.75388141022991	0.0102843096200015	0.0283397421851437	0.00628876213496788	HLA-DRB1	1	Pooled_Q5
GO:0002347	response to tumor cell	1/4	50/18986	0.02	94.93	9.6540493362459	0.0104933639982829	0.0283397421851437	0.00628876213496788	HLA-DRB1	1	Pooled_Q5
GO:0010907	positive regulation of glucose metabolic process	1/4	50/18986	0.02	94.93	9.6540493362459	0.0104933639982829	0.0283397421851437	0.00628876213496788	IRS2	1	Pooled_Q5
GO:0019884	antigen processing and presentation of exogenous antigen	1/4	50/18986	0.02	94.93	9.6540493362459	0.0104933639982829	0.0283397421851437	0.00628876213496788	HLA-DRB1	1	Pooled_Q5
GO:0001914	regulation of T cell mediated cytotoxicity	1/4	51/18986	0.0196078431372549	93.0686274509804	9.55715025612675	0.0107023852564162	0.028488363632187	0.00632174214313112	HLA-DRB1	1	Pooled_Q5
GO:0046596	regulation of viral entry into host cell	1/4	51/18986	0.0196078431372549	93.0686274509804	9.55715025612675	0.0107023852564162	0.028488363632187	0.00632174214313112	HLA-DRB1	1	Pooled_Q5
GO:0046638	positive regulation of alpha-beta T cell differentiation	1/4	56/18986	0.0178571428571429	84.7589285714286	9.11200882497211	0.0117469948672853	0.031045629292111	0.00688921503494925	HLA-DRB1	1	Pooled_Q5
GO:0061178	regulation of insulin secretion involved in cellular response to glucose stimulus	1/4	57/18986	0.0175438596491228	83.2719298245614	9.03003822269285	0.0119558174779845	0.0311524821609454	0.00691292634012445	HLA-DRB1	1	Pooled_Q5
GO:2000107	negative regulation of leukocyte apoptotic process	1/4	57/18986	0.0175438596491228	83.2719298245614	9.03003822269285	0.0119558174779845	0.0311524821609454	0.00691292634012445	IRS2	1	Pooled_Q5
GO:0052372	modulation by symbiont of entry into host	1/4	58/18986	0.0172413793103448	81.8362068965517	8.9501821051604	0.0121646069930188	0.031474857254664	0.00698446334527395	HLA-DRB1	1	Pooled_Q5
GO:0046324	regulation of D-glucose import	1/4	60/18986	0.0166666666666667	79.1083333333333	8.7964591490795	0.0125820867500823	0.0323289728995171	0.00717399683118729	IRS2	1	Pooled_Q5
GO:0001913	T cell mediated cytotoxicity	1/4	61/18986	0.0163934426229508	77.8114754098361	8.7224279855342	0.0127907769991047	0.0324149828059502	0.0071930829555167	HLA-DRB1	1	Pooled_Q5
GO:0070228	regulation of lymphocyte apoptotic process	1/4	61/18986	0.0163934426229508	77.8114754098361	8.7224279855342	0.0127907769991047	0.0324149828059502	0.0071930829555167	IRS2	1	Pooled_Q5
GO:0043370	regulation of CD4-positive, alpha-beta T cell differentiation	1/4	62/18986	0.0161290322580645	76.5564516129032	8.65018191225245	0.0129994341664497	0.0327196642284787	0.00726069362680325	HLA-DRB1	1	Pooled_Q5
GO:0002763	positive regulation of myeloid leukocyte differentiation	1/4	64/18986	0.015625	74.1640625	8.51076486184292	0.0134166492700921	0.0333052746355046	0.00739064415809206	HLA-DRB1	1	Pooled_Q5
GO:0048524	positive regulation of viral process	1/4	65/18986	0.0153846153846154	73.0230769230769	8.44346326851494	0.0136252072133815	0.0333052746355046	0.00739064415809206	HLA-DRB1	1	Pooled_Q5
GO:0000271	polysaccharide biosynthetic process	1/4	66/18986	0.0151515151515152	71.9166666666667	8.37768501422126	0.013833732088977	0.0333052746355046	0.00739064415809206	IRS2	1	Pooled_Q5
GO:0015909	long-chain fatty acid transport	1/4	66/18986	0.0151515151515152	71.9166666666667	8.37768501422126	0.013833732088977	0.0333052746355046	0.00739064415809206	IRS2	1	Pooled_Q5
GO:0032613	interleukin-10 production	1/4	66/18986	0.0151515151515152	71.9166666666667	8.37768501422126	0.013833732088977	0.0333052746355046	0.00739064415809206	HLA-DRB1	1	Pooled_Q5
GO:0032653	regulation of interleukin-10 production	1/4	66/18986	0.0151515151515152	71.9166666666667	8.37768501422126	0.013833732088977	0.0333052746355046	0.00739064415809206	HLA-DRB1	1	Pooled_Q5
GO:0030888	regulation of B cell proliferation	1/4	67/18986	0.0149253731343284	70.8432835820896	8.31337313203644	0.0140422239003749	0.0333052746355046	0.00739064415809206	IRS2	1	Pooled_Q5
GO:0035773	insulin secretion involved in cellular response to glucose stimulus	1/4	67/18986	0.0149253731343284	70.8432835820896	8.31337313203644	0.0140422239003749	0.0333052746355046	0.00739064415809206	HLA-DRB1	1	Pooled_Q5
GO:0050994	regulation of lipid catabolic process	1/4	67/18986	0.0149253731343284	70.8432835820896	8.31337313203644	0.0140422239003749	0.0333052746355046	0.00739064415809206	IRS2	1	Pooled_Q5
GO:1905953	negative regulation of lipid localization	1/4	68/18986	0.0147058823529412	69.8014705882353	8.25047359611818	0.0142506826510699	0.0334366880467883	0.00741980559786483	IRS2	1	Pooled_Q5
GO:0010632	regulation of epithelial cell migration	1/4	69/18986	0.0144927536231884	68.7898550724638	8.18893512926247	0.0144591083445571	0.0334366880467883	0.00741980559786483	IRS2	1	Pooled_Q5
GO:0030225	macrophage differentiation	1/4	69/18986	0.0144927536231884	68.7898550724638	8.18893512926247	0.0144591083445571	0.0334366880467883	0.00741980559786483	HLA-DRB1	1	Pooled_Q5
GO:0043903	regulation of biological process involved in symbiotic interaction	1/4	69/18986	0.0144927536231884	68.7898550724638	8.18893512926247	0.0144591083445571	0.0334366880467883	0.00741980559786483	HLA-DRB1	1	Pooled_Q5
GO:0001912	positive regulation of leukocyte mediated cytotoxicity	1/4	71/18986	0.0140845070422535	66.8521126760563	8.06974898725678	0.0148758605738893	0.0341867603250873	0.0075862512243437	HLA-DRB1	1	Pooled_Q5
GO:0048002	antigen processing and presentation of peptide antigen	1/4	72/18986	0.0138888888888889	65.9236111111111	8.01201097308023	0.0150841871167231	0.0344515384764663	0.00764500711568812	HLA-DRB1	1	Pooled_Q5
GO:0006635	fatty acid beta-oxidation	1/4	74/18986	0.0135135135135135	64.1418918918919	7.90003531070435	0.0155007410761991	0.0349711841353273	0.00776031966587634	IRS2	1	Pooled_Q5
GO:0042130	negative regulation of T cell proliferation	1/4	74/18986	0.0135135135135135	64.1418918918919	7.90003531070435	0.0155007410761991	0.0349711841353273	0.00776031966587634	HLA-DRB1	1	Pooled_Q5
GO:0002711	positive regulation of T cell mediated immunity	1/4	75/18986	0.0133333333333333	63.2866666666667	7.84571966006524	0.0157089684998294	0.0350139659333547	0.00776981320853959	HLA-DRB1	1	Pooled_Q5
GO:0046635	positive regulation of alpha-beta T cell activation	1/4	75/18986	0.0133333333333333	63.2866666666667	7.84571966006524	0.0157089684998294	0.0350139659333547	0.00776981320853959	HLA-DRB1	1	Pooled_Q5
GO:0010827	regulation of D-glucose transmembrane transport	1/4	78/18986	0.0128205128205128	60.8525641025641	7.68903038022366	0.0163334525882151	0.0357596299268614	0.00793528060965914	IRS2	1	Pooled_Q5
GO:0031343	positive regulation of cell killing	1/4	78/18986	0.0128205128205128	60.8525641025641	7.68903038022366	0.0163334525882151	0.0357596299268614	0.00793528060965914	HLA-DRB1	1	Pooled_Q5
GO:0032890	regulation of organic acid transport	1/4	78/18986	0.0128205128205128	60.8525641025641	7.68903038022366	0.0163334525882151	0.0357596299268614	0.00793528060965914	IRS2	1	Pooled_Q5
GO:0046323	D-glucose import	1/4	79/18986	0.0126582278481013	60.0822784810127	7.63877610225751	0.0165415479018204	0.0360021924921973	0.00798910672657579	IRS2	1	Pooled_Q5
GO:0046637	regulation of alpha-beta T cell differentiation	1/4	80/18986	0.0125	59.33125	7.58945799708416	0.0167496101966526	0.0362418466243359	0.00804228744437611	HLA-DRB1	1	Pooled_Q5
GO:0042093	T-helper cell differentiation	1/4	81/18986	0.0123456790123457	58.5987654320988	7.54104713518673	0.0169576394762047	0.0364786430592775	0.00809483402168888	HLA-DRB1	1	Pooled_Q5
GO:0002294	CD4-positive, alpha-beta T cell differentiation involved in immune response	1/4	83/18986	0.0120481927710843	57.1867469879518	7.44683754384883	0.0173735990034397	0.0367523492966089	0.00815557110991607	HLA-DRB1	1	Pooled_Q5
GO:0002287	alpha-beta T cell activation involved in immune response	1/4	84/18986	0.0119047619047619	56.5059523809524	7.40098687866966	0.0175815292581075	0.0367523492966089	0.00815557110991607	HLA-DRB1	1	Pooled_Q5
GO:0002293	alpha-beta T cell differentiation involved in immune response	1/4	84/18986	0.0119047619047619	56.5059523809524	7.40098687866966	0.0175815292581075	0.0367523492966089	0.00815557110991607	HLA-DRB1	1	Pooled_Q5
GO:0070227	lymphocyte apoptotic process	1/4	84/18986	0.0119047619047619	56.5059523809524	7.40098687866966	0.0175815292581075	0.0367523492966089	0.00815557110991607	IRS2	1	Pooled_Q5
GO:2000514	regulation of CD4-positive, alpha-beta T cell activation	1/4	84/18986	0.0119047619047619	56.5059523809524	7.40098687866966	0.0175815292581075	0.0367523492966089	0.00815557110991607	HLA-DRB1	1	Pooled_Q5
GO:0002437	inflammatory response to antigenic stimulus	1/4	85/18986	0.0117647058823529	55.8411764705882	7.35593946365513	0.0177894265114653	0.0369780214002369	0.00820564913006679	HLA-DRB1	1	Pooled_Q5
GO:0050871	positive regulation of B cell activation	1/4	86/18986	0.0116279069767442	55.1918604651163	7.31167192703399	0.0179972907670051	0.0372011038200664	0.00825515248354246	IRS2	1	Pooled_Q5
GO:0005977	glycogen metabolic process	1/4	87/18986	0.0114942528735632	54.5574712643678	7.26816183919114	0.0182051220282182	0.0372148903339268	0.00825821179529527	IRS2	1	Pooled_Q5
GO:0045913	positive regulation of carbohydrate metabolic process	1/4	87/18986	0.0114942528735632	54.5574712643678	7.26816183919114	0.0182051220282182	0.0372148903339268	0.00825821179529527	IRS2	1	Pooled_Q5
GO:0044042	glucan metabolic process	1/4	89/18986	0.0112359550561798	53.3314606741573	7.18332871539024	0.0186206855816323	0.0378552399187031	0.00840030928494691	IRS2	1	Pooled_Q5
GO:0050672	negative regulation of lymphocyte proliferation	1/4	90/18986	0.0111111111111111	52.7388888888889	7.14196511108261	0.0188284178808162	0.038068385879246	0.00844760767732912	HLA-DRB1	1	Pooled_Q5
GO:0002292	T cell differentiation involved in immune response	1/4	92/18986	0.0108695652173913	51.5923913043478	7.06124820473269	0.0192437835415921	0.0382806446795111	0.00849470920341925	HLA-DRB1	1	Pooled_Q5
GO:0032945	negative regulation of mononuclear cell proliferation	1/4	92/18986	0.0108695652173913	51.5923913043478	7.06124820473269	0.0192437835415921	0.0382806446795111	0.00849470920341925	HLA-DRB1	1	Pooled_Q5
GO:0042100	B cell proliferation	1/4	92/18986	0.0108695652173913	51.5923913043478	7.06124820473269	0.0192437835415921	0.0382806446795111	0.00849470920341925	IRS2	1	Pooled_Q5
GO:2000106	regulation of leukocyte apoptotic process	1/4	93/18986	0.010752688172043	51.0376344086022	7.02185882280252	0.0194514169101659	0.0384867607313444	0.00854044761605935	IRS2	1	Pooled_Q5
GO:0010631	epithelial cell migration	1/4	97/18986	0.0103092783505155	48.9329896907217	6.87037137794577	0.0202816207204776	0.0399159556732803	0.00885759471555011	IRS2	1	Pooled_Q5
GO:0001910	regulation of leukocyte mediated cytotoxicity	1/4	98/18986	0.0102040816326531	48.4336734693878	6.83393938291115	0.02048908927451	0.040092744524389	0.00889682524296542	HLA-DRB1	1	Pooled_Q5
GO:0051262	protein tetramerization	1/4	99/18986	0.0101010101010101	47.9444444444445	6.79805420035828	0.0206965248761035	0.040092744524389	0.00889682524296542	HLA-DRB1	1	Pooled_Q5
GO:0070664	negative regulation of leukocyte proliferation	1/4	99/18986	0.0101010101010101	47.9444444444445	6.79805420035828	0.0206965248761035	0.040092744524389	0.00889682524296542	HLA-DRB1	1	Pooled_Q5
GO:0090132	epithelium migration	1/4	100/18986	0.01	47.465	6.76270215759162	0.0209039275287481	0.0402836103418584	0.00893917953531993	IRS2	1	Pooled_Q5
GO:0006112	energy reserve metabolic process	1/4	102/18986	0.00980392156862745	46.5343137254902	6.69354515220216	0.0213186340011458	0.0406592504145563	0.00902253636510781	IRS2	1	Pooled_Q5
GO:0043367	CD4-positive, alpha-beta T cell differentiation	1/4	102/18986	0.00980392156862745	46.5343137254902	6.69354515220216	0.0213186340011458	0.0406592504145563	0.00902253636510781	HLA-DRB1	1	Pooled_Q5
GO:0010906	regulation of glucose metabolic process	1/4	105/18986	0.00952380952380953	45.2047619047619	6.59349256810124	0.0219404466798485	0.0412079455408322	0.00914429516980061	IRS2	1	Pooled_Q5
GO:0043255	regulation of carbohydrate biosynthetic process	1/4	105/18986	0.00952380952380953	45.2047619047619	6.59349256810124	0.0219404466798485	0.0412079455408322	0.00914429516980061	IRS2	1	Pooled_Q5
GO:0090130	tissue migration	1/4	105/18986	0.00952380952380953	45.2047619047619	6.59349256810124	0.0219404466798485	0.0412079455408322	0.00914429516980061	IRS2	1	Pooled_Q5
GO:0009062	fatty acid catabolic process	1/4	106/18986	0.00943396226415094	44.7783018867924	6.5610774026377	0.0221476517120648	0.0413263678830113	0.00917057381187734	IRS2	1	Pooled_Q5
GO:0019395	fatty acid oxidation	1/4	107/18986	0.00934579439252336	44.3598130841121	6.52911185453218	0.0223548238197532	0.0413263678830113	0.00917057381187734	IRS2	1	Pooled_Q5
GO:0045639	positive regulation of myeloid cell differentiation	1/4	107/18986	0.00934579439252336	44.3598130841121	6.52911185453218	0.0223548238197532	0.0413263678830113	0.00917057381187734	HLA-DRB1	1	Pooled_Q5
GO:0002709	regulation of T cell mediated immunity	1/4	108/18986	0.00925925925925926	43.9490740740741	6.49758551807789	0.0225619630064008	0.0413263678830113	0.00917057381187734	HLA-DRB1	1	Pooled_Q5
GO:0019217	regulation of fatty acid metabolic process	1/4	108/18986	0.00925925925925926	43.9490740740741	6.49758551807789	0.0225619630064008	0.0413263678830113	0.00917057381187734	IRS2	1	Pooled_Q5
GO:0031341	regulation of cell killing	1/4	112/18986	0.00892857142857143	42.3794642857143	6.37567560016201	0.023390190612339	0.0426323671259382	0.00946038303221388	HLA-DRB1	1	Pooled_Q5
GO:0005976	polysaccharide metabolic process	1/4	113/18986	0.00884955752212389	42.0044247787611	6.34620047926034	0.0235971652460975	0.042798780103216	0.00949731108976059	IRS2	1	Pooled_Q5
GO:0034440	lipid oxidation	1/4	114/18986	0.0087719298245614	41.6359649122807	6.31710870418478	0.0238041069797386	0.0429635101585525	0.0095338656966347	IRS2	1	Pooled_Q5
GO:0019882	antigen processing and presentation	1/4	118/18986	0.00847457627118644	40.2245762711864	6.2044121907371	0.0246315449828687	0.0440273992447411	0.00976994919228964	HLA-DRB1	1	Pooled_Q5
GO:1904659	D-glucose transmembrane transport	1/4	118/18986	0.00847457627118644	40.2245762711864	6.2044121907371	0.0246315449828687	0.0440273992447411	0.00976994919228964	IRS2	1	Pooled_Q5
GO:0015695	organic cation transport	1/4	120/18986	0.00833333333333333	39.5541666666667	6.15015895140192	0.0250450666743782	0.0442236105132482	0.00981348967292563	ATP13A3	1	Pooled_Q5
GO:0015908	fatty acid transport	1/4	120/18986	0.00833333333333333	39.5541666666667	6.15015895140192	0.0250450666743782	0.0442236105132482	0.00981348967292563	IRS2	1	Pooled_Q5
GO:0008645	hexose transmembrane transport	1/4	121/18986	0.00826446280991736	39.2272727272727	6.12353080913449	0.0252517782048194	0.0442236105132482	0.00981348967292563	IRS2	1	Pooled_Q5
GO:0045582	positive regulation of T cell differentiation	1/4	122/18986	0.00819672131147541	38.905737704918	6.09722590938234	0.0254584568630321	0.0442236105132482	0.00981348967292563	HLA-DRB1	1	Pooled_Q5
GO:0046634	regulation of alpha-beta T cell activation	1/4	122/18986	0.00819672131147541	38.905737704918	6.09722590938234	0.0254584568630321	0.0442236105132482	0.00981348967292563	HLA-DRB1	1	Pooled_Q5
GO:0071887	leukocyte apoptotic process	1/4	122/18986	0.00819672131147541	38.905737704918	6.09722590938234	0.0254584568630321	0.0442236105132482	0.00981348967292563	IRS2	1	Pooled_Q5
GO:0015749	monosaccharide transmembrane transport	1/4	124/18986	0.00806451612903226	38.2782258064516	6.04555976503449	0.0258717155767121	0.0443172905712198	0.00983427785079699	IRS2	1	Pooled_Q5
GO:0032609	type II interferon production	1/4	124/18986	0.00806451612903226	38.2782258064516	6.04555976503449	0.0258717155767121	0.0443172905712198	0.00983427785079699	HLA-DRB1	1	Pooled_Q5
GO:0032649	regulation of type II interferon production	1/4	124/18986	0.00806451612903226	38.2782258064516	6.04555976503449	0.0258717155767121	0.0443172905712198	0.00983427785079699	HLA-DRB1	1	Pooled_Q5
GO:0035710	CD4-positive, alpha-beta T cell activation	1/4	129/18986	0.00775193798449612	36.7945736434109	5.92161353340011	0.0269042873408533	0.0458034710697477	0.0101640703938558	HLA-DRB1	1	Pooled_Q5
GO:0002761	regulation of myeloid leukocyte differentiation	1/4	130/18986	0.00769230769230769	36.5115384615385	5.89767302295011	0.0271107031466885	0.0458034710697477	0.0101640703938558	HLA-DRB1	1	Pooled_Q5
GO:0008286	insulin receptor signaling pathway	1/4	130/18986	0.00769230769230769	36.5115384615385	5.89767302295011	0.0271107031466885	0.0458034710697477	0.0101640703938558	IRS2	1	Pooled_Q5
GO:0072329	monocarboxylic acid catabolic process	1/4	131/18986	0.00763358778625954	36.2328244274809	5.8740028239535	0.0273170861116553	0.0458036107463362	0.0101641013889452	IRS2	1	Pooled_Q5
GO:0045834	positive regulation of lipid metabolic process	1/4	132/18986	0.00757575757575758	35.9583333333333	5.85059782296339	0.0275234362392369	0.0458036107463362	0.0101641013889452	IRS2	1	Pooled_Q5
GO:0002824	positive regulation of adaptive immune response based on somatic recombination of immune receptors built from immunoglobulin superfamily domains	1/4	133/18986	0.0075187969924812	35.687969924812	5.82745304117057	0.0277297535329171	0.0458036107463362	0.0101641013889452	HLA-DRB1	1	Pooled_Q5
GO:0046632	alpha-beta T cell differentiation	1/4	133/18986	0.0075187969924812	35.687969924812	5.82745304117057	0.0277297535329171	0.0458036107463362	0.0101641013889452	HLA-DRB1	1	Pooled_Q5
GO:0050864	regulation of B cell activation	1/4	133/18986	0.0075187969924812	35.687969924812	5.82745304117057	0.0277297535329171	0.0458036107463362	0.0101641013889452	IRS2	1	Pooled_Q5
GO:0050868	negative regulation of T cell activation	1/4	134/18986	0.00746268656716418	35.4216417910448	5.80456362987702	0.0279360379961784	0.0459358127920163	0.0101934378315143	HLA-DRB1	1	Pooled_Q5
GO:0002286	T cell activation involved in immune response	1/4	136/18986	0.00735294117647059	34.9007352941177	5.75953214867616	0.0283485084453772	0.0459358127920163	0.0101934378315143	HLA-DRB1	1	Pooled_Q5
GO:0002708	positive regulation of lymphocyte mediated immunity	1/4	136/18986	0.00735294117647059	34.9007352941177	5.75953214867616	0.0283485084453772	0.0459358127920163	0.0101934378315143	HLA-DRB1	1	Pooled_Q5
GO:0030879	mammary gland development	1/4	136/18986	0.00735294117647059	34.9007352941177	5.75953214867616	0.0283485084453772	0.0459358127920163	0.0101934378315143	IRS2	1	Pooled_Q5
GO:0034219	carbohydrate transmembrane transport	1/4	137/18986	0.0072992700729927	34.6459854014599	5.73738099372276	0.0285546944382804	0.0459358127920163	0.0101934378315143	IRS2	1	Pooled_Q5
GO:0045621	positive regulation of lymphocyte differentiation	1/4	137/18986	0.0072992700729927	34.6459854014599	5.73738099372276	0.0285546944382804	0.0459358127920163	0.0101934378315143	HLA-DRB1	1	Pooled_Q5
GO:0002456	T cell mediated immunity	1/4	138/18986	0.0072463768115942	34.3949275362319	5.71546703133895	0.0287608476146952	0.0460671585170443	0.0102225842512929	HLA-DRB1	1	Pooled_Q5
GO:0002821	positive regulation of adaptive immune response	1/4	139/18986	0.00719424460431655	34.1474820143885	5.69378600164875	0.0289669679781047	0.0461973196202532	0.010251467796244	HLA-DRB1	1	Pooled_Q5
GO:0008643	carbohydrate transport	1/4	142/18986	0.00704225352112676	33.4260563380282	5.63009948774709	0.0295851322251191	0.0469806820742234	0.0104253007163284	IRS2	1	Pooled_Q5
GO:0050671	positive regulation of lymphocyte proliferation	1/4	145/18986	0.00689655172413793	32.7344827586207	5.56836586272233	0.0302030012804254	0.0476749578754426	0.0105793647632561	IRS2	1	Pooled_Q5
GO:0043467	regulation of generation of precursor metabolites and energy	1/4	146/18986	0.00684931506849315	32.5102739726027	5.54820462177036	0.0304088920502823	0.0476749578754426	0.0105793647632561	IRS2	1	Pooled_Q5
GO:1903900	regulation of viral life cycle	1/4	146/18986	0.00684931506849315	32.5102739726027	5.54820462177036	0.0304088920502823	0.0476749578754426	0.0105793647632561	HLA-DRB1	1	Pooled_Q5
GO:0034763	negative regulation of transmembrane transport	1/4	147/18986	0.00680272108843537	32.2891156462585	5.52824579984435	0.0306147500349854	0.047795179379513	0.0106060426503614	IRS2	1	Pooled_Q5
GO:0032946	positive regulation of mononuclear cell proliferation	1/4	148/18986	0.00675675675675676	32.070945945946	5.50848598374429	0.030820575238014	0.047914339655736	0.0106324850445161	IRS2	1	Pooled_Q5
GO:0050852	T cell receptor signaling pathway	1/4	149/18986	0.00671140939597315	31.8557046979866	5.48892184046003	0.0310263676628492	0.0480324520303523	0.0106586949028947	HLA-DRB1	1	Pooled_Q5
GO:0001909	leukocyte mediated cytotoxicity	1/4	151/18986	0.00662251655629139	31.4337748344371	5.45036762688934	0.0314378541918602	0.0484666918791178	0.0107550553814259	HLA-DRB1	1	Pooled_Q5
GO:0010565	regulation of cellular ketone metabolic process	1/4	153/18986	0.0065359477124183	31.0228758169935	5.41255800952112	0.0318492096498568	0.0484946813598643	0.0107612664184052	IRS2	1	Pooled_Q5
GO:0062013	positive regulation of small molecule metabolic process	1/4	153/18986	0.0065359477124183	31.0228758169935	5.41255800952112	0.0318492096498568	0.0484946813598643	0.0107612664184052	IRS2	1	Pooled_Q5
GO:1903038	negative regulation of leukocyte cell-cell adhesion	1/4	153/18986	0.0065359477124183	31.0228758169935	5.41255800952112	0.0318492096498568	0.0484946813598643	0.0107612664184052	HLA-DRB1	1	Pooled_Q5
GO:0032368	regulation of lipid transport	1/4	156/18986	0.00641025641025641	30.4262820512821	5.35718747032869	0.0324659971395918	0.0490302813944855	0.0108801193421618	IRS2	1	Pooled_Q5
GO:1905039	carboxylic acid transmembrane transport	1/4	156/18986	0.00641025641025641	30.4262820512821	5.35718747032869	0.0324659971395918	0.0490302813944855	0.0108801193421618	IRS2	1	Pooled_Q5
GO:0002705	positive regulation of leukocyte mediated immunity	1/4	158/18986	0.00632911392405063	30.0411392405063	5.3211366206558	0.0328770250418308	0.0493569405409725	0.0109526070048246	HLA-DRB1	1	Pooled_Q5
GO:0046718	symbiont entry into host cell	1/4	159/18986	0.00628930817610063	29.8522012578616	5.30336191708538	0.0330824898761113	0.0493569405409725	0.0109526070048246	HLA-DRB1	1	Pooled_Q5
GO:1903825	organic acid transmembrane transport	1/4	159/18986	0.00628930817610063	29.8522012578616	5.30336191708538	0.0330824898761113	0.0493569405409725	0.0109526070048246	IRS2	1	Pooled_Q5
