tissue	cell_type	estimate	std_error	z_value	p_value	or	ci_lo_log	ci_hi_log	ci_lo_or	ci_hi_or	n_vmrs	n_in_peak	fdr
Caudate	Union	-5.19028098130924	0.328481229141296	-15.8008449824591	3.06974149066419e-56	0.00557044140508579	-5.8475549214158	-4.55888202681279	0.0028869493534728	0.0104737617853214	1676	913	3.27439092337513e-55
Caudate	Exc	-4.13820260174448	0.371295107761612	-11.1453194917973	7.54729334315509e-29	0.0159514969459501	-4.8866969493236	-3.42948987371517	0.00754630718969904	0.032403466417405	1676	523	1.72509562129259e-28
Caudate	Inh	-4.87201320122808	0.43496641009338	-11.2008952603539	4.03633688605461e-29	0.00765793279903945	-5.75557561800326	-4.04784448577257	0.00316508420715653	0.017459969319282	1676	443	9.9355984887498e-29
Caudate	Astro	-5.79541822751656	0.466708226658857	-12.4176474646819	2.09635628933819e-35	0.00304145813917144	-6.74603162841997	-4.91354254217109	0.00117553533789985	0.00734641718687792	1676	496	7.45371125098024e-35
Caudate	Oligo	-5.82568004337438	0.471375743213155	-12.3588880574621	4.3614792410753e-35	0.00295079680009444	-6.78632582294514	-4.93542596668167	0.00112910971124192	0.007187398701361	1676	484	1.3956733571441e-34
Caudate	OPC	-6.62840611025132	0.49377397085492	-13.423968255708	4.37636936826843e-41	0.00132226895824815	-7.63494123512748	-5.69682462447508	0.000483267012994107	0.0033566070408623	1676	580	2.3340636630765e-40
Caudate	Endo	-5.09933086992212	0.454032669194981	-11.2311981403529	2.86565987501116e-29	0.00610082744718791	-6.02358906574181	-4.24076432052529	0.00242096498117681	0.0143965840322304	1676	424	7.64175966669643e-29
Caudate	Micro	-3.4598449423682	0.409084568242185	-8.45752983847563	2.73100675831673e-17	0.0314346358206846	-4.28714431005674	-2.68094140870116	0.0137441182495347	0.068498638576906	1676	320	5.46201351663346e-17
DLPFC	Union	-2.85138704366865	0.548401121687656	-5.19945516320929	1.99873532482315e-07	0.0577641438931434	-3.95322235625009	-1.79780976768306	0.0191927561258543	0.165661327957246	820	504	2.78084914758003e-07
DLPFC	Exc	-2.72789502639953	0.688326957666954	-3.96308032979789	7.39888719353917e-05	0.0653567191430841	-4.15102253572937	-1.44142158798859	0.0157483050444116	0.236591184317934	820	280	7.89214633977511e-05
DLPFC	Inh	-3.75460645908902	0.830173731684372	-4.52267557475126	6.10627974288057e-06	0.0234096614561648	-5.49860993517563	-2.22796017628086	0.00409245626590988	0.107747993036743	820	247	7.81603807088713e-06
DLPFC	Astro	-3.97403986799303	0.777527437289507	-5.11112492936159	3.20246111164376e-07	0.0187973407617711	-5.5969066287968	-2.53591627645914	0.00370932029220197	0.0791891268796843	820	290	4.26994814885834e-07
DLPFC	Oligo	-3.08009004477187	0.768636673425826	-4.00721192633687	6.14397298131541e-05	0.0459551184445787	-4.68440932480979	-1.65714633026966	0.00923818977045953	0.190682348882374	820	254	7.02168340721761e-05
DLPFC	OPC	-2.85326986514972	0.716639010484586	-3.98146043322475	6.84931239646201e-05	0.0576554866453852	-4.3389383768677	-1.51759442742539	0.013050375432312	0.219238647595667	820	278	7.5578619547167e-05
DLPFC	Endo	-3.60149852520178	0.851413959859019	-4.23002052467889	2.33669991083529e-05	0.0272828078240524	-5.39603141668399	-2.04099522914122	0.00453454098477677	0.129899366890293	820	220	2.87593835179728e-05
DLPFC	Micro	-0.732167005740607	0.656975870121006	-1.11445037639777	0.265086021905281	0.480865821226904	-2.08211940923381	0.505631020490472	0.124665714341874	1.65803144224101	820	181	0.265086021905281
Hippocampus	Union	-3.29381084934121	0.416143151822238	-7.91509084053897	2.47072628350034e-15	0.0371121507563564	-4.12525417534621	-2.49197530047373	0.0161593867484109	0.0827463561220206	1092	602	4.65077888658887e-15
Hippocampus	Exc	-1.95943120813443	0.469215390476579	-4.17597386595577	2.96713885782503e-05	0.140938562834936	-2.90538545774545	-1.06255818818212	0.0547276913228004	0.345570643864375	1092	322	3.51660901668151e-05
Hippocampus	Inh	-3.49354934800251	0.582483633452077	-5.99767812753479	2.00158756433106e-09	0.0303928058574296	-4.68648505591566	-2.39687080554154	0.00921903366093543	0.091002272018424	1092	279	2.91140009357245e-09
Hippocampus	Astro	-3.74824521388538	0.556946750035975	-6.72998848389593	1.69676515957177e-11	0.0235590506998687	-4.88511435026427	-2.6968272708609	0.00755825942366132	0.0674190762387475	1092	331	2.71482425531482e-11
Hippocampus	Oligo	-5.08873619707789	0.669316010082864	-7.60289029459774	2.89588972476184e-14	0.00616580733055709	-6.46888493894379	-3.83869487107716	0.00155095417769086	0.0215216715795143	1092	319	5.14824839957661e-14
Hippocampus	OPC	-4.20190850248545	0.557772839803215	-7.53336878856975	4.94476986654535e-14	0.0149669850172873	-5.34022876020333	-3.14898421654691	0.00479477373141492	0.0428956774636845	1092	362	8.3280334594448e-14
Hippocampus	Endo	-3.68270637374285	0.608147167981255	-6.05561707368891	1.39880396253809e-09	0.0251548043274621	-4.9316791580833	-2.54120832007316	0.00721437902210032	0.0787711614874747	1092	261	2.13151080005803e-09
Hippocampus	Micro	-1.70953757368377	0.516505686586387	-3.30981365371249	0.000933581021525973	0.180949449060314	-2.75678894157431	-0.727206052965635	0.0634953285726699	0.483257300961387	1092	239	0.000963696538349391
Pooled	Union	-4.31956317325248	0.230191219497642	-18.7651083420092	1.45700239390768e-78	0.0133056945564248	-4.77684987305426	-3.87416117164669	0.00842248913185988	0.020771754504523	3502	1990	4.66240766050457e-77
Pooled	Exc	-3.24416061718074	0.263608704531757	-12.3067279699404	8.33336331202764e-35	0.0390012876324544	-3.7710142187824	-2.73694858286571	0.0230286953037936	0.0647676788740237	3502	1116	2.42425114531713e-34
Pooled	Inh	-4.23568619178815	0.317105409294426	-13.3573444906309	1.0732503070583e-40	0.0144698776791041	-4.87360763052038	-3.62956345326857	0.0076457324955115	0.0265277624895307	3502	960	4.90628711798081e-40
Pooled	Astro	-4.8181828072902	0.319066398965994	-15.1008781335314	1.59791091282152e-51	0.00808145937298101	-5.45993723243297	-4.20829454224421	0.00425382273853965	0.0148717097953644	3502	1106	1.27832873025721e-50
Pooled	Oligo	-5.0041910460435	0.340682245781599	-14.6887344674003	7.61222077066305e-49	0.00670976704596223	-5.69091843170473	-4.35438734320299	0.00337649046898001	0.0128503100027666	3502	1044	4.87182129322435e-48
Pooled	OPC	-5.15302106686142	0.324903332032084	-15.8601668829687	1.19575724421218e-56	0.00578191077590901	-5.80660195377574	-4.53210391368005	0.00300763280312367	0.0107580183042259	3502	1210	1.91321159073948e-55
Pooled	Endo	-4.39064935941207	0.331333233781091	-13.2514608006782	4.42505213082382e-40	0.0123926793041349	-5.05826360589285	-3.75832471447919	0.00635658747672873	0.0233227799801295	3502	895	1.77002085232953e-39
Pooled	Micro	-2.52083183613467	0.286067355450351	-8.81202202245751	1.22908471676588e-18	0.0803927053706067	-3.09373850507101	-1.97144064270619	0.0453321626986724	0.13925609336081	3502	729	2.62204739576721e-18
