term	estimate	std.error	statistic	p.value	fdr	tissue	h2_category	env_var	n_samples	n_pcs	var_explained	coef.type
PC1	1.53119702625846	0.276373378787827	5.54032024710299	3.01919004820987e-08	1.81151402892592e-07	Caudate	Heritable	nicotine	152	6	0.818669267720392	
PC2	0.0294859413323948	0.215867423457842	0.1365928256338	0.891352647662069	0.891352647662069	Caudate	Heritable	nicotine	152	6	0.818669267720392	
PC3	-0.541382844741239	0.243607991116348	-2.22235256840435	0.0262594881241588	0.0525189762483177	Caudate	Heritable	nicotine	152	6	0.818669267720392	
PC4	0.307697746474326	0.234037600312379	1.31473637596536	0.188598516794472	0.282897775191708	Caudate	Heritable	nicotine	152	6	0.818669267720392	
PC5	0.130211239479171	0.263161802900719	0.494795361803685	0.620744578726348	0.744893494471618	Caudate	Heritable	nicotine	152	6	0.818669267720392	
PC6	-0.71244642747182	0.281765757305698	-2.52850606931225	0.0114549105894342	0.0343647317683026	Caudate	Heritable	nicotine	152	6	0.818669267720392	
PC1	-25.7341568948123					Caudate	Heritable	education	137	48	0.800371335520102	location
PC2	46.1486150962013					Caudate	Heritable	education	137	48	0.800371335520102	location
PC3	39.3158026859302					Caudate	Heritable	education	137	48	0.800371335520102	location
PC4	5.48995564454796					Caudate	Heritable	education	137	48	0.800371335520102	location
PC5	15.591623612893					Caudate	Heritable	education	137	48	0.800371335520102	location
PC6	19.1273711774638					Caudate	Heritable	education	137	48	0.800371335520102	location
PC7	-0.549655709449195					Caudate	Heritable	education	137	48	0.800371335520102	location
PC8	5.95582019958031					Caudate	Heritable	education	137	48	0.800371335520102	location
PC9	-6.71393823620308					Caudate	Heritable	education	137	48	0.800371335520102	location
PC10	1.76199433446309					Caudate	Heritable	education	137	48	0.800371335520102	location
PC11	-4.51884768247844					Caudate	Heritable	education	137	48	0.800371335520102	location
PC12	-2.28582030170981					Caudate	Heritable	education	137	48	0.800371335520102	location
PC13	-4.54214036868877					Caudate	Heritable	education	137	48	0.800371335520102	location
PC14	15.6315484119304					Caudate	Heritable	education	137	48	0.800371335520102	location
PC15	-10.7540449883583					Caudate	Heritable	education	137	48	0.800371335520102	location
PC16	5.30872136924921					Caudate	Heritable	education	137	48	0.800371335520102	location
PC17	8.88347448060415					Caudate	Heritable	education	137	48	0.800371335520102	location
PC18	11.3010209154991					Caudate	Heritable	education	137	48	0.800371335520102	location
PC19	0.631293448601948					Caudate	Heritable	education	137	48	0.800371335520102	location
PC20	-16.0547718712234					Caudate	Heritable	education	137	48	0.800371335520102	location
PC21	8.70030252737553					Caudate	Heritable	education	137	48	0.800371335520102	location
PC22	-9.38634015282245					Caudate	Heritable	education	137	48	0.800371335520102	location
PC23	-7.30136506144294					Caudate	Heritable	education	137	48	0.800371335520102	location
PC24	-7.34412698505154					Caudate	Heritable	education	137	48	0.800371335520102	location
PC25	6.574584537717					Caudate	Heritable	education	137	48	0.800371335520102	location
PC26	2.93053108391786					Caudate	Heritable	education	137	48	0.800371335520102	location
PC27	-1.58320376228997					Caudate	Heritable	education	137	48	0.800371335520102	location
PC28	1.73892017418906					Caudate	Heritable	education	137	48	0.800371335520102	location
PC29	-3.19974632906952					Caudate	Heritable	education	137	48	0.800371335520102	location
PC30	-2.52167726611588					Caudate	Heritable	education	137	48	0.800371335520102	location
PC31	5.436854341809					Caudate	Heritable	education	137	48	0.800371335520102	location
PC32	-7.98104409952745					Caudate	Heritable	education	137	48	0.800371335520102	location
PC33	-2.99464965882299					Caudate	Heritable	education	137	48	0.800371335520102	location
PC34	6.55516389893112					Caudate	Heritable	education	137	48	0.800371335520102	location
PC35	-25.2259763941539					Caudate	Heritable	education	137	48	0.800371335520102	location
PC36	-7.15163526979985					Caudate	Heritable	education	137	48	0.800371335520102	location
PC37	12.5094706935044					Caudate	Heritable	education	137	48	0.800371335520102	location
PC38	8.52834429991689					Caudate	Heritable	education	137	48	0.800371335520102	location
PC39	6.41577116800936					Caudate	Heritable	education	137	48	0.800371335520102	location
PC40	-9.27234112087755					Caudate	Heritable	education	137	48	0.800371335520102	location
PC41	1.54110672715472					Caudate	Heritable	education	137	48	0.800371335520102	location
PC42	11.4635309489342					Caudate	Heritable	education	137	48	0.800371335520102	location
PC43	0.725839197799388					Caudate	Heritable	education	137	48	0.800371335520102	location
PC44	-20.9667179634796					Caudate	Heritable	education	137	48	0.800371335520102	location
PC45	-17.6424116898754					Caudate	Heritable	education	137	48	0.800371335520102	location
PC46	21.886032176933					Caudate	Heritable	education	137	48	0.800371335520102	location
PC47	-4.81827445779786					Caudate	Heritable	education	137	48	0.800371335520102	location
PC48	-6.91420237934286					Caudate	Heritable	education	137	48	0.800371335520102	location
PC1	0.415782540208665	0.170006590953514	2.4456848283156	0.0144577323072375	0.0385539528193001	Caudate	Heritable	marital_status	137	8	0.878846537973077	location
PC2	-0.527794985117129	0.168767428376762	-3.12735099535239	0.00176389205619655	0.00705556822478619	Caudate	Heritable	marital_status	137	8	0.878846537973077	location
PC3	-0.673201962015232	0.1908564150586	-3.52726923959321	0.000419869574503815	0.00335895659603052	Caudate	Heritable	marital_status	137	8	0.878846537973077	location
PC4	0.256878682681637	0.180595930742773	1.42239463328504	0.154911720232967	0.247858752372747	Caudate	Heritable	marital_status	137	8	0.878846537973077	location
PC5	0.440107881184332	0.19006546898972	2.31555938868694	0.0205823383962424	0.0411646767924849	Caudate	Heritable	marital_status	137	8	0.878846537973077	location
PC6	-0.173642306908434	0.196253265456682	-0.884786841657733	0.376271607629607	0.380009912252167	Caudate	Heritable	marital_status	137	8	0.878846537973077	location
PC7	-0.232738924720676	0.206721651108576	-1.12585654899997	0.260226243683656	0.346968324911541	Caudate	Heritable	marital_status	137	8	0.878846537973077	location
PC8	0.179832592372652	0.204849177123043	0.87787803152675	0.380009912252167	0.380009912252167	Caudate	Heritable	marital_status	137	8	0.878846537973077	location
PC1	1.38756820415797	0.250476821096976	5.53970701991922	3.0297809416752e-08	9.08934282502561e-08	Caudate	Non-heritable	nicotine	152	3	0.821834111800803	
PC2	-0.156272336282392	0.220832928937757	-0.707649611106859	0.47916287615348	0.47916287615348	Caudate	Non-heritable	nicotine	152	3	0.821834111800803	
PC3	-0.33605066407229	0.241311296129514	-1.3926022919869	0.163740089551842	0.245610134327763	Caudate	Non-heritable	nicotine	152	3	0.821834111800803	
PC1	0.208967398537151					Caudate	Non-heritable	education	137	96	0.802403960949881	location
PC2	3.09538998152773					Caudate	Non-heritable	education	137	96	0.802403960949881	location
PC3	-10.9147858528548					Caudate	Non-heritable	education	137	96	0.802403960949881	location
PC4	8.64641663593106					Caudate	Non-heritable	education	137	96	0.802403960949881	location
PC5	-8.91882283402261					Caudate	Non-heritable	education	137	96	0.802403960949881	location
PC6	-2.87056157503538					Caudate	Non-heritable	education	137	96	0.802403960949881	location
PC7	3.30111603701252					Caudate	Non-heritable	education	137	96	0.802403960949881	location
PC8	21.0557401119708					Caudate	Non-heritable	education	137	96	0.802403960949881	location
PC9	-1.86442015292269					Caudate	Non-heritable	education	137	96	0.802403960949881	location
PC10	2.35197012818238					Caudate	Non-heritable	education	137	96	0.802403960949881	location
PC11	-6.07600381633566					Caudate	Non-heritable	education	137	96	0.802403960949881	location
PC12	-1.22824564771082					Caudate	Non-heritable	education	137	96	0.802403960949881	location
PC13	8.90460715386019					Caudate	Non-heritable	education	137	96	0.802403960949881	location
PC14	13.2408060293984					Caudate	Non-heritable	education	137	96	0.802403960949881	location
PC15	-8.5923932453917					Caudate	Non-heritable	education	137	96	0.802403960949881	location
PC16	-16.695542126401					Caudate	Non-heritable	education	137	96	0.802403960949881	location
PC17	1.96356810138199					Caudate	Non-heritable	education	137	96	0.802403960949881	location
PC18	9.17375882971244					Caudate	Non-heritable	education	137	96	0.802403960949881	location
PC19	-6.71250913385562					Caudate	Non-heritable	education	137	96	0.802403960949881	location
PC20	0.846299058974766					Caudate	Non-heritable	education	137	96	0.802403960949881	location
PC21	9.02954836572633					Caudate	Non-heritable	education	137	96	0.802403960949881	location
PC22	-1.52672909994896					Caudate	Non-heritable	education	137	96	0.802403960949881	location
PC23	1.94696837542279					Caudate	Non-heritable	education	137	96	0.802403960949881	location
PC24	14.3913067190468					Caudate	Non-heritable	education	137	96	0.802403960949881	location
PC25	-1.85146218130481					Caudate	Non-heritable	education	137	96	0.802403960949881	location
PC26	11.6630936176979					Caudate	Non-heritable	education	137	96	0.802403960949881	location
PC27	1.19793791187609					Caudate	Non-heritable	education	137	96	0.802403960949881	location
PC28	-15.7988894899151					Caudate	Non-heritable	education	137	96	0.802403960949881	location
PC29	-14.3146138138384					Caudate	Non-heritable	education	137	96	0.802403960949881	location
PC30	4.1773521675187					Caudate	Non-heritable	education	137	96	0.802403960949881	location
PC31	12.3078832963625					Caudate	Non-heritable	education	137	96	0.802403960949881	location
PC32	-1.35222863345871					Caudate	Non-heritable	education	137	96	0.802403960949881	location
PC33	-8.1187792853778					Caudate	Non-heritable	education	137	96	0.802403960949881	location
PC34	10.0338244721666					Caudate	Non-heritable	education	137	96	0.802403960949881	location
PC35	-3.58765659143439					Caudate	Non-heritable	education	137	96	0.802403960949881	location
PC36	-15.8670045484125					Caudate	Non-heritable	education	137	96	0.802403960949881	location
PC37	-4.05528060974187					Caudate	Non-heritable	education	137	96	0.802403960949881	location
PC38	-5.59224241782638					Caudate	Non-heritable	education	137	96	0.802403960949881	location
PC39	12.5373354470967					Caudate	Non-heritable	education	137	96	0.802403960949881	location
PC40	9.40374988253363					Caudate	Non-heritable	education	137	96	0.802403960949881	location
PC41	-13.8010872441015					Caudate	Non-heritable	education	137	96	0.802403960949881	location
PC42	-17.4602563881274					Caudate	Non-heritable	education	137	96	0.802403960949881	location
PC43	6.43287714021756					Caudate	Non-heritable	education	137	96	0.802403960949881	location
PC44	-13.1943090735925					Caudate	Non-heritable	education	137	96	0.802403960949881	location
PC45	-8.57497937350544					Caudate	Non-heritable	education	137	96	0.802403960949881	location
PC46	15.586954397226					Caudate	Non-heritable	education	137	96	0.802403960949881	location
PC47	-26.0383281602257					Caudate	Non-heritable	education	137	96	0.802403960949881	location
PC48	8.97199266229457					Caudate	Non-heritable	education	137	96	0.802403960949881	location
PC49	-0.703472303705347					Caudate	Non-heritable	education	137	96	0.802403960949881	location
PC50	-2.78421679322905					Caudate	Non-heritable	education	137	96	0.802403960949881	location
PC51	6.42155473695565					Caudate	Non-heritable	education	137	96	0.802403960949881	location
PC52	12.6647827681227					Caudate	Non-heritable	education	137	96	0.802403960949881	location
PC53	-23.0035115152982					Caudate	Non-heritable	education	137	96	0.802403960949881	location
PC54	14.6222850020669					Caudate	Non-heritable	education	137	96	0.802403960949881	location
PC55	12.2102654024082					Caudate	Non-heritable	education	137	96	0.802403960949881	location
PC56	-4.32345177507361					Caudate	Non-heritable	education	137	96	0.802403960949881	location
PC57	-17.0497139683887					Caudate	Non-heritable	education	137	96	0.802403960949881	location
PC58	-8.75542493046933					Caudate	Non-heritable	education	137	96	0.802403960949881	location
PC59	-3.75658909319661					Caudate	Non-heritable	education	137	96	0.802403960949881	location
PC60	3.04179233556953					Caudate	Non-heritable	education	137	96	0.802403960949881	location
PC61	18.8925652620894					Caudate	Non-heritable	education	137	96	0.802403960949881	location
PC62	-3.96642178746183					Caudate	Non-heritable	education	137	96	0.802403960949881	location
PC63	14.8822331698663					Caudate	Non-heritable	education	137	96	0.802403960949881	location
PC64	11.3734947528775					Caudate	Non-heritable	education	137	96	0.802403960949881	location
PC65	8.61583924147817					Caudate	Non-heritable	education	137	96	0.802403960949881	location
PC66	-4.13897324215565					Caudate	Non-heritable	education	137	96	0.802403960949881	location
PC67	-10.4915589100746					Caudate	Non-heritable	education	137	96	0.802403960949881	location
PC68	-1.42710102309984					Caudate	Non-heritable	education	137	96	0.802403960949881	location
PC69	-22.1221161280039					Caudate	Non-heritable	education	137	96	0.802403960949881	location
PC70	4.42898701491609					Caudate	Non-heritable	education	137	96	0.802403960949881	location
PC71	-0.97208960932542					Caudate	Non-heritable	education	137	96	0.802403960949881	location
PC72	-8.43377181105721					Caudate	Non-heritable	education	137	96	0.802403960949881	location
PC73	-3.95547736066991					Caudate	Non-heritable	education	137	96	0.802403960949881	location
PC74	-13.5779984387555					Caudate	Non-heritable	education	137	96	0.802403960949881	location
PC75	-9.71338522690428					Caudate	Non-heritable	education	137	96	0.802403960949881	location
PC76	-22.9243726846663					Caudate	Non-heritable	education	137	96	0.802403960949881	location
PC77	0.563666032666547					Caudate	Non-heritable	education	137	96	0.802403960949881	location
PC78	2.14157685626723					Caudate	Non-heritable	education	137	96	0.802403960949881	location
PC79	-6.28996208872556					Caudate	Non-heritable	education	137	96	0.802403960949881	location
PC80	15.3202122595013					Caudate	Non-heritable	education	137	96	0.802403960949881	location
PC81	-19.9984193036283					Caudate	Non-heritable	education	137	96	0.802403960949881	location
PC82	-14.4121439181964					Caudate	Non-heritable	education	137	96	0.802403960949881	location
PC83	-2.93142040014203					Caudate	Non-heritable	education	137	96	0.802403960949881	location
PC84	8.98386851179552					Caudate	Non-heritable	education	137	96	0.802403960949881	location
PC85	4.78542091940438					Caudate	Non-heritable	education	137	96	0.802403960949881	location
PC86	1.98858316678865					Caudate	Non-heritable	education	137	96	0.802403960949881	location
PC87	-5.36821922650548					Caudate	Non-heritable	education	137	96	0.802403960949881	location
PC88	7.80057069225072					Caudate	Non-heritable	education	137	96	0.802403960949881	location
PC89	21.5233709255658					Caudate	Non-heritable	education	137	96	0.802403960949881	location
PC90	11.8084696299341					Caudate	Non-heritable	education	137	96	0.802403960949881	location
PC91	-1.68549064413599					Caudate	Non-heritable	education	137	96	0.802403960949881	location
PC92	11.5188166989952					Caudate	Non-heritable	education	137	96	0.802403960949881	location
PC93	3.72935331159562					Caudate	Non-heritable	education	137	96	0.802403960949881	location
PC94	-5.68310929655269					Caudate	Non-heritable	education	137	96	0.802403960949881	location
PC95	-1.56207696654436					Caudate	Non-heritable	education	137	96	0.802403960949881	location
PC96	-6.88381334529322					Caudate	Non-heritable	education	137	96	0.802403960949881	location
PC1	1.86773278041473	0.408208400262985	4.57543935698396	4.75221611541176e-06	1.9008864461647e-05	DLPFC	Heritable	smoking	108	4	0.852852952787197	
PC2	-0.579455366690928	0.290903862831343	-1.99191362071007	0.0463805362379484	0.0618407149839311	DLPFC	Heritable	smoking	108	4	0.852852952787197	
PC3	-0.879560357869177	0.350074566819448	-2.51249431188417	0.0119881037669598	0.0239762075339197	DLPFC	Heritable	smoking	108	4	0.852852952787197	
PC4	-0.239963854988158	0.31400019871489	-0.764215615054574	0.444738762638916	0.444738762638916	DLPFC	Heritable	smoking	108	4	0.852852952787197	
PC1	8.95176989676691	17457.3162294689	0.000512780417052641	0.999590860440082	0.999999527419291	DLPFC	Heritable	nicotine	111	41	0.805789705241773	
PC2	4.59834599944212	17071.2268268647	0.000269362363120018	0.999785079931804	0.999999527419291	DLPFC	Heritable	nicotine	111	41	0.805789705241773	
PC3	-3.02838020270383	23491.3734103654	-0.000128914565777052	0.999897141058589	0.999999527419291	DLPFC	Heritable	nicotine	111	41	0.805789705241773	
PC4	-0.107868889027706	26240.587891345	-4.11076495215585e-06	0.999996720084112	0.999999527419291	DLPFC	Heritable	nicotine	111	41	0.805789705241773	
PC5	0.498658461728455	25419.452542344	1.96171991075647e-05	0.999984347739707	0.999999527419291	DLPFC	Heritable	nicotine	111	41	0.805789705241773	
PC6	3.59417945711288	26642.9558442941	0.000134901678256642	0.999892364034019	0.999999527419291	DLPFC	Heritable	nicotine	111	41	0.805789705241773	
PC7	-1.58499401688119	38417.8793977099	-4.12566763634453e-05	0.999967081934909	0.999999527419291	DLPFC	Heritable	nicotine	111	41	0.805789705241773	
PC8	-4.09494437616186	27183.7734824651	-0.0001506392914436	0.999879807235562	0.999999527419291	DLPFC	Heritable	nicotine	111	41	0.805789705241773	
PC9	1.71005582135983	28527.5458384913	5.99440215096422e-05	0.999952171590754	0.999999527419291	DLPFC	Heritable	nicotine	111	41	0.805789705241773	
PC10	-0.989818784595559	31215.1618852495	-3.17095515389043e-05	0.999974699438401	0.999999527419291	DLPFC	Heritable	nicotine	111	41	0.805789705241773	
PC11	0.201261401671475	46369.0492280275	4.34042545668206e-06	0.999996536841541	0.999999527419291	DLPFC	Heritable	nicotine	111	41	0.805789705241773	
PC12	1.67140288554024	41302.9498292894	4.04669131974439e-05	0.999967712074745	0.999999527419291	DLPFC	Heritable	nicotine	111	41	0.805789705241773	
PC13	0.161167273333386	27508.4267476017	5.85883281556395e-06	0.999995325327752	0.999999527419291	DLPFC	Heritable	nicotine	111	41	0.805789705241773	
PC14	-1.99499610645058	38202.1775273837	-5.2222052133561e-05	0.999958332830888	0.999999527419291	DLPFC	Heritable	nicotine	111	41	0.805789705241773	
PC15	-1.00451628766223	36372.1080118509	-2.76177637912802e-05	0.99997796421267	0.999999527419291	DLPFC	Heritable	nicotine	111	41	0.805789705241773	
PC16	3.27438946470406	30132.4532843314	0.000108666540815869	0.999913296644978	0.999999527419291	DLPFC	Heritable	nicotine	111	41	0.805789705241773	
PC17	2.56349279309889	22684.9057799748	0.000113004339447679	0.999909835582443	0.999999527419291	DLPFC	Heritable	nicotine	111	41	0.805789705241773	
PC18	-1.79148692261095	44693.9444381943	-4.00834373678596e-05	0.999968018044189	0.999999527419291	DLPFC	Heritable	nicotine	111	41	0.805789705241773	
PC19	-0.971852885492978	32101.7757521919	-3.02741160799063e-05	0.999975844750192	0.999999527419291	DLPFC	Heritable	nicotine	111	41	0.805789705241773	
PC20	-0.151291208026319	29001.7778475763	-5.21661840254949e-06	0.999995837740717	0.999999527419291	DLPFC	Heritable	nicotine	111	41	0.805789705241773	
PC21	0.691069444676263	40150.9364303297	1.7211788967249e-05	0.99998626697932	0.999999527419291	DLPFC	Heritable	nicotine	111	41	0.805789705241773	
PC22	-0.538727972706386	28445.1515953754	-1.89391844476572e-05	0.999984888717136	0.999999527419291	DLPFC	Heritable	nicotine	111	41	0.805789705241773	
PC23	1.09060042146906	40256.0598920299	2.70915838359279e-05	0.999978384043532	0.999999527419291	DLPFC	Heritable	nicotine	111	41	0.805789705241773	
PC24	-0.365195454475816	49949.3293089786	-7.31131848071022e-06	0.999994166411865	0.999999527419291	DLPFC	Heritable	nicotine	111	41	0.805789705241773	
PC25	-1.80497917318158	31288.5857535408	-5.76881034956115e-05	0.999953971552904	0.999999527419291	DLPFC	Heritable	nicotine	111	41	0.805789705241773	
PC26	1.75277760613734	45246.9469810816	3.87380303663405e-05	0.999969091523663	0.999999527419291	DLPFC	Heritable	nicotine	111	41	0.805789705241773	
PC27	-1.61715297810138	60332.5130956799	-2.6804004924124e-05	0.999978613498306	0.999999527419291	DLPFC	Heritable	nicotine	111	41	0.805789705241773	
PC28	0.204374224345646	42115.9554314998	4.85265553759202e-06	0.999996128141068	0.999999527419291	DLPFC	Heritable	nicotine	111	41	0.805789705241773	
PC29	-2.27267869785448	62711.2642224551	-3.62403585070877e-05	0.999971084377476	0.999999527419291	DLPFC	Heritable	nicotine	111	41	0.805789705241773	
PC30	-1.62705665745164	29651.3078594088	-5.48730148823892e-05	0.999956217668643	0.999999527419291	DLPFC	Heritable	nicotine	111	41	0.805789705241773	
PC31	-0.0271933316652962	45912.0295659163	-5.92292083848189e-07	0.999999527419291	0.999999527419291	DLPFC	Heritable	nicotine	111	41	0.805789705241773	
PC32	0.454796769257472	59607.5014152128	7.62985796182693e-06	0.999993912254131	0.999999527419291	DLPFC	Heritable	nicotine	111	41	0.805789705241773	
PC33	-0.14321204889268	40204.7666446876	-3.56206641263028e-06	0.999997157882205	0.999999527419291	DLPFC	Heritable	nicotine	111	41	0.805789705241773	
PC34	-0.142750416906329	41403.5800356365	-3.44777955875947e-06	0.999997249069921	0.999999527419291	DLPFC	Heritable	nicotine	111	41	0.805789705241773	
PC35	-2.52409488522628	45225.163846636	-5.5811735559119e-05	0.999955468677909	0.999999527419291	DLPFC	Heritable	nicotine	111	41	0.805789705241773	
PC36	1.21498683674959	38502.3940377866	3.15561374068634e-05	0.999974821845169	0.999999527419291	DLPFC	Heritable	nicotine	111	41	0.805789705241773	
PC37	1.11227150410813	43216.0765866907	2.57374475417021e-05	0.999979464487974	0.999999527419291	DLPFC	Heritable	nicotine	111	41	0.805789705241773	
PC38	0.863329859375174	58650.2267763909	1.47199747865715e-05	0.999988255159383	0.999999527419291	DLPFC	Heritable	nicotine	111	41	0.805789705241773	
PC39	1.06509259714154	46474.0005278851	2.29180312657281e-05	0.999981714056691	0.999999527419291	DLPFC	Heritable	nicotine	111	41	0.805789705241773	
PC40	0.549950975340547	43070.1123192276	1.27687378956529e-05	0.999989812021172	0.999999527419291	DLPFC	Heritable	nicotine	111	41	0.805789705241773	
PC41	1.54013748902149	60072.7239134714	2.56378833635029e-05	0.999979543928695	0.999999527419291	DLPFC	Heritable	nicotine	111	41	0.805789705241773	
PC1	-0.512182756011297	0.483797342075131	-1.0586721163337	0.289749130925699	0.596636498098304	DLPFC	Heritable	marital_status	97	29	0.801087493873579	location
PC2	-2.7333316657019	0.996580558917717	-2.74271020164219	0.00609344359374818	0.0708954942158164	DLPFC	Heritable	marital_status	97	29	0.801087493873579	location
PC3	-4.38305718989436	1.51170555583215	-2.89941197410075	0.00373863305909403	0.0708954942158164	DLPFC	Heritable	marital_status	97	29	0.801087493873579	location
PC4	-1.97405023193183	0.764081885434642	-2.58355847660085	0.00977868885735399	0.0708954942158164	DLPFC	Heritable	marital_status	97	29	0.801087493873579	location
PC5	-1.12027214003644	0.655167457626459	-1.70990199069863	0.0872839982769882	0.281248438892517	DLPFC	Heritable	marital_status	97	29	0.801087493873579	location
PC6	2.13343129336009	0.815063266439137	2.61750391804634	0.00885754714261185	0.0708954942158164	DLPFC	Heritable	marital_status	97	29	0.801087493873579	location
PC7	1.11929244700985	0.580960574077689	1.92662376235564	0.0540265350924284	0.223824216811489	DLPFC	Heritable	marital_status	97	29	0.801087493873579	location
PC8	0.506659616474593	0.538613540467748	0.9406737454736	0.346872077368357	0.596636498098304	DLPFC	Heritable	marital_status	97	29	0.801087493873579	location
PC9	-0.516413296055678	0.612857372452333	-0.842632102130491	0.399434231394221	0.596636498098304	DLPFC	Heritable	marital_status	97	29	0.801087493873579	location
PC10	0.781872864359888	0.566293059673887	1.38068593814331	0.167375546770518	0.426928921341641	DLPFC	Heritable	marital_status	97	29	0.801087493873579	location
PC11	0.425570257240894	0.541649257389515	0.785693419560723	0.432047119312565	0.596636498098304	DLPFC	Heritable	marital_status	97	29	0.801087493873579	location
PC12	-0.190902197536063	0.582260203332441	-0.32786406565909	0.743014444693253	0.743014444693253	DLPFC	Heritable	marital_status	97	29	0.801087493873579	location
PC13	0.308408707958095	0.516101941028763	0.597573237843931	0.550124725644911	0.664734043487601	DLPFC	Heritable	marital_status	97	29	0.801087493873579	location
PC14	1.72140284089582	0.719210017558528	2.39346338186361	0.01669014724441	0.0968028540175779	DLPFC	Heritable	marital_status	97	29	0.801087493873579	location
PC15	0.636561962018321	0.701261678533058	0.90773812615844	0.364016595410276	0.596636498098304	DLPFC	Heritable	marital_status	97	29	0.801087493873579	location
PC16	0.662124156315682	0.753005416268475	0.87930862383015	0.379233961273888	0.596636498098304	DLPFC	Heritable	marital_status	97	29	0.801087493873579	location
PC17	-0.244310467132684	0.654142807572297	-0.373481851828941	0.708789849933689	0.734103773145606	DLPFC	Heritable	marital_status	97	29	0.801087493873579	location
PC18	0.224028826661662	0.44128830558803	0.507669983148856	0.611684802541671	0.682263818219557	DLPFC	Heritable	marital_status	97	29	0.801087493873579	location
PC19	-1.42511379322759	0.919763422148983	-1.54943516877185	0.121277145021566	0.351703720562541	DLPFC	Heritable	marital_status	97	29	0.801087493873579	location
PC20	-0.536662611383481	0.964241457071747	-0.556564548690161	0.577824981005498	0.670276977966378	DLPFC	Heritable	marital_status	97	29	0.801087493873579	location
PC21	-0.251784700332141	0.570742081523721	-0.441153208223137	0.659102085525521	0.707924462231115	DLPFC	Heritable	marital_status	97	29	0.801087493873579	location
PC22	0.461979509889868	0.634178996751308	0.728468637807997	0.466326760155709	0.614703456568889	DLPFC	Heritable	marital_status	97	29	0.801087493873579	location
PC23	-1.25908843448905	0.649218149821412	-1.93939192062853	0.0524536335739899	0.223824216811489	DLPFC	Heritable	marital_status	97	29	0.801087493873579	location
PC24	0.733233815488375	1.08881536015145	0.673423467672593	0.500677922833904	0.631289554877532	DLPFC	Heritable	marital_status	97	29	0.801087493873579	location
PC25	1.66852639530493	0.952302518210748	1.75209701055908	0.0797571282343326	0.281248438892517	DLPFC	Heritable	marital_status	97	29	0.801087493873579	location
PC26	-0.938008523158664	0.886661037376843	-1.05791106591729	0.290095989701245	0.596636498098304	DLPFC	Heritable	marital_status	97	29	0.801087493873579	location
PC27	0.51358285180818	0.527707492843404	0.973233957776273	0.330437037225812	0.596636498098304	DLPFC	Heritable	marital_status	97	29	0.801087493873579	location
PC28	1.00360835928156	1.23964936430369	0.809590508559078	0.41817556497978	0.596636498098304	DLPFC	Heritable	marital_status	97	29	0.801087493873579	location
PC29	0.982336465808106	0.727058912532397	1.35110986039159	0.176660243313783	0.426928921341641	DLPFC	Heritable	marital_status	97	29	0.801087493873579	location
PC1	-0.0150611952571747	0.0504379798676342	-0.29860821739293	0.765238994797504	0.787581016527218	DLPFC	Non-heritable	nicotine	111	50	0.80157451045298	
PC2	0.443130877216188	0.365268015143688	1.21316638425587	0.225066213537591	0.543367534995615	DLPFC	Non-heritable	nicotine	111	50	0.80157451045298	
PC3	-1.2117025326352	1.39707976532671	-0.867310917177188	0.38577167659757	0.543367534995615	DLPFC	Non-heritable	nicotine	111	50	0.80157451045298	
PC4	-2.00531566578964	1.81504862912442	-1.10482751459778	0.269234335753002	0.543367534995615	DLPFC	Non-heritable	nicotine	111	50	0.80157451045298	
PC5	0.425292329393583	0.487933114665702	0.87162013934013	0.383415640184055	0.543367534995615	DLPFC	Non-heritable	nicotine	111	50	0.80157451045298	
PC6	1.6983089294583	1.38691231992475	1.22452508717382	0.220754208417435	0.543367534995615	DLPFC	Non-heritable	nicotine	111	50	0.80157451045298	
PC7	-0.764898394226257	0.737531160432972	-1.03710654581322	0.299686204894994	0.543367534995615	DLPFC	Non-heritable	nicotine	111	50	0.80157451045298	
PC8	-0.708128083776726	0.649900785903101	-1.08959413365336	0.275891968359709	0.543367534995615	DLPFC	Non-heritable	nicotine	111	50	0.80157451045298	
PC9	-0.599819376278584	0.584271073427091	-1.02661145409834	0.304603458374117	0.543367534995615	DLPFC	Non-heritable	nicotine	111	50	0.80157451045298	
PC10	0.204959287903759	0.381934913045939	0.536634072725127	0.591520403518973	0.672182276726106	DLPFC	Non-heritable	nicotine	111	50	0.80157451045298	
PC11	0.330482410948484	0.471544995789443	0.700850213446127	0.483396497494987	0.604245621868734	DLPFC	Non-heritable	nicotine	111	50	0.80157451045298	
PC12	0.0374449932309362	0.264049488173554	0.141810512453349	0.887229680255915	0.887229680255915	DLPFC	Non-heritable	nicotine	111	50	0.80157451045298	
PC13	-0.67316358015782	0.711062982771881	-0.946700357728762	0.343791488117716	0.543367534995615	DLPFC	Non-heritable	nicotine	111	50	0.80157451045298	
PC14	0.954154813346876	0.826604182876346	1.15430678081823	0.248374417497945	0.543367534995615	DLPFC	Non-heritable	nicotine	111	50	0.80157451045298	
PC15	-1.07773698449442	0.876008904745273	-1.23028085520182	0.218591950934307	0.543367534995615	DLPFC	Non-heritable	nicotine	111	50	0.80157451045298	
PC16	-1.75983935901414	1.41127215377184	-1.24698794226947	0.212401918799459	0.543367534995615	DLPFC	Non-heritable	nicotine	111	50	0.80157451045298	
PC17	0.403445032923989	0.457733448530379	0.881397315881785	0.378102809946125	0.543367534995615	DLPFC	Non-heritable	nicotine	111	50	0.80157451045298	
PC18	-0.257038436961573	0.426902159490696	-0.602101514942502	0.547106566179582	0.636170425790212	DLPFC	Non-heritable	nicotine	111	50	0.80157451045298	
PC19	-1.12218748450263	0.92414953113476	-1.21429211041713	0.224636197324647	0.543367534995615	DLPFC	Non-heritable	nicotine	111	50	0.80157451045298	
PC20	-0.83958204974635	0.648149861714212	-1.29535173783088	0.195198918847875	0.543367534995615	DLPFC	Non-heritable	nicotine	111	50	0.80157451045298	
PC21	1.0888048925374	0.842368910727606	1.29255113605383	0.196166349070115	0.543367534995615	DLPFC	Non-heritable	nicotine	111	50	0.80157451045298	
PC22	0.307942361045817	0.367520829177244	0.837890907394818	0.402091975896755	0.543367534995615	DLPFC	Non-heritable	nicotine	111	50	0.80157451045298	
PC23	-0.346868444514129	0.405764930381672	-0.854850724008742	0.392633792957051	0.543367534995615	DLPFC	Non-heritable	nicotine	111	50	0.80157451045298	
PC24	0.60858210771499	0.579571411126592	1.05005543067075	0.293692628450929	0.543367534995615	DLPFC	Non-heritable	nicotine	111	50	0.80157451045298	
PC25	-0.412193551288303	0.506955270538661	-0.81307676484028	0.416174047163372	0.547597430478121	DLPFC	Non-heritable	nicotine	111	50	0.80157451045298	
PC26	1.41873564927349	1.14878619225833	1.23498668319166	0.21683546030033	0.543367534995615	DLPFC	Non-heritable	nicotine	111	50	0.80157451045298	
PC27	0.0790434492690283	0.272579785044291	0.289982799921075	0.771829396196673	0.787581016527218	DLPFC	Non-heritable	nicotine	111	50	0.80157451045298	
PC28	-0.743543489813007	0.586735195935524	-1.2672556460968	0.20506389439131	0.543367534995615	DLPFC	Non-heritable	nicotine	111	50	0.80157451045298	
PC29	-0.630101885348799	0.548783925410758	-1.14817846546284	0.250894897247784	0.543367534995615	DLPFC	Non-heritable	nicotine	111	50	0.80157451045298	
PC30	0.620153170088742	0.585123573470216	1.05986700623045	0.289205107680331	0.543367534995615	DLPFC	Non-heritable	nicotine	111	50	0.80157451045298	
PC31	0.108936735481068	0.219703468324592	0.495835301608095	0.620010616118359	0.688900684575954	DLPFC	Non-heritable	nicotine	111	50	0.80157451045298	
PC32	-0.945979629825976	0.592094307556907	-1.59768404754517	0.110113310776476	0.543367534995615	DLPFC	Non-heritable	nicotine	111	50	0.80157451045298	
PC33	-0.243516904608884	0.392094689744387	-0.62106657136223	0.534555822821126	0.636170425790212	DLPFC	Non-heritable	nicotine	111	50	0.80157451045298	
PC34	0.671330306234553	0.58369727132029	1.15013439195294	0.250088523196951	0.543367534995615	DLPFC	Non-heritable	nicotine	111	50	0.80157451045298	
PC35	-0.280190787601454	0.327814384801275	-0.854723894350484	0.392704019257266	0.543367534995615	DLPFC	Non-heritable	nicotine	111	50	0.80157451045298	
PC36	-0.298743034129495	0.385182170406497	-0.775588947469248	0.437991728346622	0.561527856854644	DLPFC	Non-heritable	nicotine	111	50	0.80157451045298	
PC37	-0.547490278513689	0.483510843618658	-1.13232264744303	0.257498812058669	0.543367534995615	DLPFC	Non-heritable	nicotine	111	50	0.80157451045298	
PC38	0.792870816704111	0.732935243181663	1.08177471895371	0.27935264271705	0.543367534995615	DLPFC	Non-heritable	nicotine	111	50	0.80157451045298	
PC39	0.442804426117914	0.306123895333802	1.4464876243492	0.148040480671115	0.543367534995615	DLPFC	Non-heritable	nicotine	111	50	0.80157451045298	
PC40	-1.07628087844784	0.951265053170757	-1.13142060129339	0.257878104549969	0.543367534995615	DLPFC	Non-heritable	nicotine	111	50	0.80157451045298	
PC41	-1.02153107189773	0.772935415860842	-1.32162539189645	0.186292923740278	0.543367534995615	DLPFC	Non-heritable	nicotine	111	50	0.80157451045298	
PC42	0.380005383095002	0.34937982867063	1.08765690492465	0.276746599239445	0.543367534995615	DLPFC	Non-heritable	nicotine	111	50	0.80157451045298	
PC43	-0.695871728367289	0.705972099838309	-0.985692959433761	0.324283805440208	0.543367534995615	DLPFC	Non-heritable	nicotine	111	50	0.80157451045298	
PC44	0.181187445032007	0.294952730361179	0.61429316084017	0.539021621110336	0.636170425790212	DLPFC	Non-heritable	nicotine	111	50	0.80157451045298	
PC45	0.180274029532884	0.414000000905379	0.435444514827636	0.663239804958253	0.705574260593886	DLPFC	Non-heritable	nicotine	111	50	0.80157451045298	
PC46	0.411158936830799	0.460697951024666	0.892469645059882	0.372141255934812	0.543367534995615	DLPFC	Non-heritable	nicotine	111	50	0.80157451045298	
PC47	-0.823982820013612	0.610033826211896	-1.35071660719253	0.176786230354078	0.543367534995615	DLPFC	Non-heritable	nicotine	111	50	0.80157451045298	
PC48	-0.114459778766285	0.254341507496349	-0.450023985046672	0.652693146157131	0.705574260593886	DLPFC	Non-heritable	nicotine	111	50	0.80157451045298	
PC49	0.525338887289755	0.461228721668921	1.13899864125733	0.254703720916554	0.543367534995615	DLPFC	Non-heritable	nicotine	111	50	0.80157451045298	
PC50	0.838085686507628	0.852432209586948	0.983169895602288	0.325523828518026	0.543367534995615	DLPFC	Non-heritable	nicotine	111	50	0.80157451045298	
PC1	-0.391801476848082					DLPFC	Non-heritable	marital_status	97	50	0.80157451045298	location
PC2	-0.812903758035845					DLPFC	Non-heritable	marital_status	97	50	0.80157451045298	location
PC3	-12.3284609724056					DLPFC	Non-heritable	marital_status	97	50	0.80157451045298	location
PC4	9.50928682596034					DLPFC	Non-heritable	marital_status	97	50	0.80157451045298	location
PC5	-0.00140848051241889					DLPFC	Non-heritable	marital_status	97	50	0.80157451045298	location
PC6	-6.72938997410115					DLPFC	Non-heritable	marital_status	97	50	0.80157451045298	location
PC7	-8.11641313468952					DLPFC	Non-heritable	marital_status	97	50	0.80157451045298	location
PC8	-10.2076415975041					DLPFC	Non-heritable	marital_status	97	50	0.80157451045298	location
PC9	-3.26505949291804					DLPFC	Non-heritable	marital_status	97	50	0.80157451045298	location
PC10	3.87478891253237					DLPFC	Non-heritable	marital_status	97	50	0.80157451045298	location
PC11	0.862400251191107					DLPFC	Non-heritable	marital_status	97	50	0.80157451045298	location
PC12	-3.19837290176561					DLPFC	Non-heritable	marital_status	97	50	0.80157451045298	location
PC13	7.35885201027344					DLPFC	Non-heritable	marital_status	97	50	0.80157451045298	location
PC14	7.08953693696906					DLPFC	Non-heritable	marital_status	97	50	0.80157451045298	location
PC15	-9.45579606420982					DLPFC	Non-heritable	marital_status	97	50	0.80157451045298	location
PC16	14.0159226269716					DLPFC	Non-heritable	marital_status	97	50	0.80157451045298	location
PC17	-10.9998272295718					DLPFC	Non-heritable	marital_status	97	50	0.80157451045298	location
PC18	11.9557199415486					DLPFC	Non-heritable	marital_status	97	50	0.80157451045298	location
PC19	-4.39610162935209					DLPFC	Non-heritable	marital_status	97	50	0.80157451045298	location
PC20	-8.74391730343775					DLPFC	Non-heritable	marital_status	97	50	0.80157451045298	location
PC21	1.59213099045603					DLPFC	Non-heritable	marital_status	97	50	0.80157451045298	location
PC22	-6.31792056250718					DLPFC	Non-heritable	marital_status	97	50	0.80157451045298	location
PC23	-7.22831897993805					DLPFC	Non-heritable	marital_status	97	50	0.80157451045298	location
PC24	-0.56381918169905					DLPFC	Non-heritable	marital_status	97	50	0.80157451045298	location
PC25	8.48877794392281					DLPFC	Non-heritable	marital_status	97	50	0.80157451045298	location
PC26	-7.51396890953041					DLPFC	Non-heritable	marital_status	97	50	0.80157451045298	location
PC27	-1.234209751023					DLPFC	Non-heritable	marital_status	97	50	0.80157451045298	location
PC28	0.405204455402924					DLPFC	Non-heritable	marital_status	97	50	0.80157451045298	location
PC29	2.72822945159671					DLPFC	Non-heritable	marital_status	97	50	0.80157451045298	location
PC30	-3.46540625978526					DLPFC	Non-heritable	marital_status	97	50	0.80157451045298	location
PC31	3.41666252757123					DLPFC	Non-heritable	marital_status	97	50	0.80157451045298	location
PC32	-5.98189010857268					DLPFC	Non-heritable	marital_status	97	50	0.80157451045298	location
PC33	-17.0593176727312					DLPFC	Non-heritable	marital_status	97	50	0.80157451045298	location
PC34	-6.02763107183657					DLPFC	Non-heritable	marital_status	97	50	0.80157451045298	location
PC35	-3.35763056455489					DLPFC	Non-heritable	marital_status	97	50	0.80157451045298	location
PC36	-6.05303062885046					DLPFC	Non-heritable	marital_status	97	50	0.80157451045298	location
PC37	13.4323487221329					DLPFC	Non-heritable	marital_status	97	50	0.80157451045298	location
PC38	-10.5964034119822					DLPFC	Non-heritable	marital_status	97	50	0.80157451045298	location
PC39	-12.0670699437628					DLPFC	Non-heritable	marital_status	97	50	0.80157451045298	location
PC40	-4.85717344182471					DLPFC	Non-heritable	marital_status	97	50	0.80157451045298	location
PC41	19.6113113181646					DLPFC	Non-heritable	marital_status	97	50	0.80157451045298	location
PC42	-3.97896340819878					DLPFC	Non-heritable	marital_status	97	50	0.80157451045298	location
PC43	-16.9283052605902					DLPFC	Non-heritable	marital_status	97	50	0.80157451045298	location
PC44	13.7872009051046					DLPFC	Non-heritable	marital_status	97	50	0.80157451045298	location
PC45	-13.3520221640286					DLPFC	Non-heritable	marital_status	97	50	0.80157451045298	location
PC46	-1.34006165644363					DLPFC	Non-heritable	marital_status	97	50	0.80157451045298	location
PC47	-17.1971042610425					DLPFC	Non-heritable	marital_status	97	50	0.80157451045298	location
PC48	-3.09007135108361					DLPFC	Non-heritable	marital_status	97	50	0.80157451045298	location
PC49	9.66724968516106					DLPFC	Non-heritable	marital_status	97	50	0.80157451045298	location
PC50	-8.75772136186147					DLPFC	Non-heritable	marital_status	97	50	0.80157451045298	location
PC1	0.926984660375476					Hippocampus	Heritable	education	101	63	0.805587851318663	location
PC2	1.35540076602186					Hippocampus	Heritable	education	101	63	0.805587851318663	location
PC3	-8.78356061228536					Hippocampus	Heritable	education	101	63	0.805587851318663	location
PC4	5.38146566910541					Hippocampus	Heritable	education	101	63	0.805587851318663	location
PC5	8.32878021528172					Hippocampus	Heritable	education	101	63	0.805587851318663	location
PC6	-1.60800470192486					Hippocampus	Heritable	education	101	63	0.805587851318663	location
PC7	0.543013712312446					Hippocampus	Heritable	education	101	63	0.805587851318663	location
PC8	4.05087545699544					Hippocampus	Heritable	education	101	63	0.805587851318663	location
PC9	2.85853949895679					Hippocampus	Heritable	education	101	63	0.805587851318663	location
PC10	-1.76188741806171					Hippocampus	Heritable	education	101	63	0.805587851318663	location
PC11	1.97680003342724					Hippocampus	Heritable	education	101	63	0.805587851318663	location
PC12	0.612821259275618					Hippocampus	Heritable	education	101	63	0.805587851318663	location
PC13	-0.759454700710517					Hippocampus	Heritable	education	101	63	0.805587851318663	location
PC14	-3.27052941898815					Hippocampus	Heritable	education	101	63	0.805587851318663	location
PC15	0.336727382836227					Hippocampus	Heritable	education	101	63	0.805587851318663	location
PC16	-2.91092762746453					Hippocampus	Heritable	education	101	63	0.805587851318663	location
PC17	-1.7306681761057					Hippocampus	Heritable	education	101	63	0.805587851318663	location
PC18	-2.1195456670515					Hippocampus	Heritable	education	101	63	0.805587851318663	location
PC19	-1.77079924441639					Hippocampus	Heritable	education	101	63	0.805587851318663	location
PC20	-0.114519379925377					Hippocampus	Heritable	education	101	63	0.805587851318663	location
PC21	2.27061945547726					Hippocampus	Heritable	education	101	63	0.805587851318663	location
PC22	1.12179111503044					Hippocampus	Heritable	education	101	63	0.805587851318663	location
PC23	1.46073457982911					Hippocampus	Heritable	education	101	63	0.805587851318663	location
PC24	-0.679813270949961					Hippocampus	Heritable	education	101	63	0.805587851318663	location
PC25	0.964315012932319					Hippocampus	Heritable	education	101	63	0.805587851318663	location
PC26	1.06012928183776					Hippocampus	Heritable	education	101	63	0.805587851318663	location
PC27	-1.63269427595449					Hippocampus	Heritable	education	101	63	0.805587851318663	location
PC28	2.88180747544766					Hippocampus	Heritable	education	101	63	0.805587851318663	location
PC29	0.734491016956215					Hippocampus	Heritable	education	101	63	0.805587851318663	location
PC30	0.692989447811683					Hippocampus	Heritable	education	101	63	0.805587851318663	location
PC31	-0.484691510678725					Hippocampus	Heritable	education	101	63	0.805587851318663	location
PC32	-0.552391946375004					Hippocampus	Heritable	education	101	63	0.805587851318663	location
PC33	-0.61387635666791					Hippocampus	Heritable	education	101	63	0.805587851318663	location
PC34	1.09139971815251					Hippocampus	Heritable	education	101	63	0.805587851318663	location
PC35	-0.180633460329535					Hippocampus	Heritable	education	101	63	0.805587851318663	location
PC36	-0.120172588811917					Hippocampus	Heritable	education	101	63	0.805587851318663	location
PC37	0.765510015386004					Hippocampus	Heritable	education	101	63	0.805587851318663	location
PC38	0.309172267540866					Hippocampus	Heritable	education	101	63	0.805587851318663	location
PC39	-0.589094527364893					Hippocampus	Heritable	education	101	63	0.805587851318663	location
PC40	0.239048278661039					Hippocampus	Heritable	education	101	63	0.805587851318663	location
PC41	2.26049119414637					Hippocampus	Heritable	education	101	63	0.805587851318663	location
PC42	-1.11566275950483					Hippocampus	Heritable	education	101	63	0.805587851318663	location
PC43	-2.44388018780642					Hippocampus	Heritable	education	101	63	0.805587851318663	location
PC44	0.237907076851455					Hippocampus	Heritable	education	101	63	0.805587851318663	location
PC45	2.4269178079351					Hippocampus	Heritable	education	101	63	0.805587851318663	location
PC46	0.957987398164271					Hippocampus	Heritable	education	101	63	0.805587851318663	location
PC47	-0.473052493016955					Hippocampus	Heritable	education	101	63	0.805587851318663	location
PC48	0.118930014663758					Hippocampus	Heritable	education	101	63	0.805587851318663	location
PC49	2.16544908717957					Hippocampus	Heritable	education	101	63	0.805587851318663	location
PC50	-0.551380424686125					Hippocampus	Heritable	education	101	63	0.805587851318663	location
PC51	-4.45371867613464					Hippocampus	Heritable	education	101	63	0.805587851318663	location
PC52	0.53678007649034					Hippocampus	Heritable	education	101	63	0.805587851318663	location
PC53	3.7026873575892					Hippocampus	Heritable	education	101	63	0.805587851318663	location
PC54	1.28379321266482					Hippocampus	Heritable	education	101	63	0.805587851318663	location
PC55	-0.525714719008535					Hippocampus	Heritable	education	101	63	0.805587851318663	location
PC56	-1.34528724124173					Hippocampus	Heritable	education	101	63	0.805587851318663	location
PC57	-2.8386364588259					Hippocampus	Heritable	education	101	63	0.805587851318663	location
PC58	-0.490107043331316					Hippocampus	Heritable	education	101	63	0.805587851318663	location
PC59	0.294019866892456					Hippocampus	Heritable	education	101	63	0.805587851318663	location
PC60	0.597671948255582					Hippocampus	Heritable	education	101	63	0.805587851318663	location
PC61	1.27235933839817					Hippocampus	Heritable	education	101	63	0.805587851318663	location
PC62	2.27876439799581					Hippocampus	Heritable	education	101	63	0.805587851318663	location
PC63	-1.49297077607967					Hippocampus	Heritable	education	101	63	0.805587851318663	location
PC1	-1.22704529184527	0.236915161717244	-5.17926030124546	2.22767447465828e-07	5.12365129171405e-06	Hippocampus	Non-heritable	marital_status	102	23	0.805774689223988	location
PC2	0.419292083238492	0.208626505494593	2.00977379285758	0.0444551357168439	0.152169888665213	Hippocampus	Non-heritable	marital_status	102	23	0.805774689223988	location
PC3	-0.548224497843217	0.201816340161537	-2.71645248052963	0.00659856669243394	0.0379417584814951	Hippocampus	Non-heritable	marital_status	102	23	0.805774689223988	location
PC4	-1.31177568731475	0.275753226305111	-4.75706378812524	1.96429114219985e-06	2.25893481352983e-05	Hippocampus	Non-heritable	marital_status	102	23	0.805774689223988	location
PC5	-0.39845856514575	0.220675390265351	-1.80563208551087	0.0709758274052917	0.152169888665213	Hippocampus	Non-heritable	marital_status	102	23	0.805774689223988	location
PC6	-0.161563453210782	0.266779597799518	-0.605606480193419	0.544776098185501	0.783115641141657	Hippocampus	Non-heritable	marital_status	102	23	0.805774689223988	location
PC7	-0.255015567990518	0.258393144929136	-0.986928535044749	0.323677674265344	0.531756179150207	Hippocampus	Non-heritable	marital_status	102	23	0.805774689223988	location
PC8	0.654018427850147	0.283662113052232	2.3056248887553	0.0211316013489795	0.0972053662053058	Hippocampus	Non-heritable	marital_status	102	23	0.805774689223988	location
PC9	0.500333508840796	0.278857378227934	1.79422725703113	0.0727769032746669	0.152169888665213	Hippocampus	Non-heritable	marital_status	102	23	0.805774689223988	location
PC10	-0.0132699917593639	0.290814162504697	-0.0456304866484954	0.96360476964141	0.980141252524855	Hippocampus	Non-heritable	marital_status	102	23	0.805774689223988	location
PC11	0.633446295297665	0.338973100756497	1.86872142327513	0.0616615818693907	0.152169888665213	Hippocampus	Non-heritable	marital_status	102	23	0.805774689223988	location
PC12	0.592200125818433	0.325423479429754	1.81978303119418	0.0687920528464636	0.152169888665213	Hippocampus	Non-heritable	marital_status	102	23	0.805774689223988	location
PC13	-1.10549120772702	0.355647260508567	-3.10839230462845	0.00188108189312701	0.014421627847307	Hippocampus	Non-heritable	marital_status	102	23	0.805774689223988	location
PC14	-0.56636526972343	0.334759500180494	-1.69185719723581	0.0906732047837635	0.17379030916888	Hippocampus	Non-heritable	marital_status	102	23	0.805774689223988	location
PC15	0.0071782714801236	0.288378740603987	0.0248918192273441	0.980141252524855	0.980141252524855	Hippocampus	Non-heritable	marital_status	102	23	0.805774689223988	location
PC16	0.203203280558151	0.297266838486625	0.683571977260066	0.494245484953966	0.757843076929414	Hippocampus	Non-heritable	marital_status	102	23	0.805774689223988	location
PC17	-0.370287283105261	0.347201607597858	-1.06649069302162	0.286201883661648	0.506357178785992	Hippocampus	Non-heritable	marital_status	102	23	0.805774689223988	location
PC18	0.0515157133005409	0.303188665667331	0.169913057888073	0.865078511738297	0.980141252524855	Hippocampus	Non-heritable	marital_status	102	23	0.805774689223988	location
PC19	-0.0614528512796857	0.329894743448414	-0.186280177238699	0.852225051662241	0.980141252524855	Hippocampus	Non-heritable	marital_status	102	23	0.805774689223988	location
PC20	-0.167046365108076	0.354052241831761	-0.471812759167483	0.637060442873022	0.844122605115752	Hippocampus	Non-heritable	marital_status	102	23	0.805774689223988	location
PC21	0.0379842066150053	0.311477936208917	0.121948305800794	0.902939958590069	0.980141252524855	Hippocampus	Non-heritable	marital_status	102	23	0.805774689223988	location
PC22	0.169951601197792	0.387080132984052	0.439060511547344	0.660617690960154	0.844122605115752	Hippocampus	Non-heritable	marital_status	102	23	0.805774689223988	location
PC23	-0.785022846506804	0.410303980627587	-1.91327133923015	0.0557133248636441	0.152169888665213	Hippocampus	Non-heritable	marital_status	102	23	0.805774689223988	location
