chromA	startA	endA	chromB	startB	endB	overlap	lenA	lenB	pctA	pctB	reciprocal
1	789726	790331	1	789771	790331	560	605	560	92.56198347107438	100.0	92.56198347107438
1	817185	817843	1	817293	817843	550	658	550	83.58662613981764	100.0	83.58662613981764
1	882232	883488	1	882232	883488	1256	1256	1256	100.0	100.0	100.0
1	893038	893980	1	893038	894006	942	942	968	100.0	97.31404958677686	97.31404958677686
1	904055	904381	1	904084	904400	297	326	316	91.1042944785276	93.9873417721519	91.1042944785276
1	1007637	1007923	1	1007637	1007923	286	286	286	100.0	100.0	100.0
1	1015951	1016151	1	1015951	1016151	200	200	200	100.0	100.0	100.0
1	1077056	1077266	1	1077056	1077271	210	210	215	100.0	97.67441860465115	97.67441860465115
1	1189878	1190574	1	1189878	1190574	696	696	696	100.0	100.0	100.0
1	1261709	1262148	1	1261709	1262099	390	439	390	88.8382687927107	100.0	88.8382687927107
1	1432318	1433044	1	1432328	1432537	209	726	209	28.78787878787879	100.0	28.78787878787879
1	1443436	1443619	1	1443436	1443619	183	183	183	100.0	100.0	100.0
1	35474776	35477933	1	35474776	35478258	3157	3157	3482	100.0	90.66628374497415	90.66628374497415
1	35610014	35610789	1	35610014	35610789	775	775	775	100.0	100.0	100.0
1	35720338	35720725	1	35720338	35720725	387	387	387	100.0	100.0	100.0
1	35766477	35767042	1	35766477	35767042	565	565	565	100.0	100.0	100.0
1	35794593	35795171	1	35794593	35795269	578	578	676	100.0	85.50295857988166	85.50295857988166
1	35986793	35988016	1	35986793	35988016	1223	1223	1223	100.0	100.0	100.0
1	45330442	45330859	1	45330489	45330859	370	417	370	88.72901678657075	100.0	88.72901678657075
1	45367353	45368290	1	45367441	45368290	849	937	849	90.60832443970116	100.0	90.60832443970116
1	45436245	45436909	1	45436245	45436909	664	664	664	100.0	100.0	100.0
1	45480785	45481087	1	45480785	45481140	302	302	355	100.0	85.07042253521126	85.07042253521126
1	45482460	45483321	1	45482460	45483370	861	861	910	100.0	94.61538461538461	94.61538461538461
1	45556600	45557613	1	45556535	45557613	1013	1013	1078	100.0	93.97031539888683	93.97031539888683
1	45582920	45583021	1	45582920	45583053	101	101	133	100.0	75.93984962406014	75.93984962406014
1	46123971	46125030	1	46123971	46125030	1059	1059	1059	100.0	100.0	100.0
1	49938524	49939723	1	49938524	49938801	277	1199	277	23.102585487906588	100.0	23.102585487906588
1	50677843	50679081	1	50677692	50679081	1238	1238	1389	100.0	89.12886969042476	89.12886969042476
1	50952107	50952369	1	50952107	50952232	125	262	125	47.70992366412214	100.0	47.70992366412214
1	51205015	51207637	1	51205015	51207472	2457	2622	2457	93.7070938215103	100.0	93.7070938215103
1	51233002	51233644	1	51233040	51233644	604	642	604	94.0809968847352	100.0	94.0809968847352
1	52030768	52031447	1	52030768	52031447	679	679	679	100.0	100.0	100.0
1	52108950	52110818	1	52108950	52110818	1868	1868	1868	100.0	100.0	100.0
1	52136674	52137013	1	52136573	52137013	339	339	440	100.0	77.04545454545455	77.04545454545455
1	75125068	75127265	1	75124904	75127449	2197	2197	2545	100.0	86.32612966601178	86.32612966601178
1	90909787	90910134	1	90909787	90910134	347	347	347	100.0	100.0	100.0
1	147190749	147192688	1	147190749	147192688	1939	1939	1939	100.0	100.0	100.0
1	148160102	148160977	1	148160098	148161165	875	875	1067	100.0	82.00562324273665	82.00562324273665
1	148279908	148280161	1	148279908	148280161	253	253	253	100.0	100.0	100.0
1	148328866	148329840	1	148328866	148329798	932	974	932	95.68788501026694	100.0	95.68788501026694
1	148361764	148362684	1	148361802	148362253	451	920	451	49.02173913043478	100.0	49.02173913043478
1	148530596	148530830	1	148530596	148530794	198	234	198	84.61538461538461	100.0	84.61538461538461
1	148702893	148703246	1	148702967	148703246	279	353	279	79.03682719546742	100.0	79.03682719546742
1	148898900	148899028	1	148898900	148899028	128	128	128	100.0	100.0	100.0
1	149946358	149946984	1	149946539	149946984	445	626	445	71.08626198083067	100.0	71.08626198083067
1	150215140	150215676	1	150215294	150215676	382	536	382	71.26865671641791	100.0	71.26865671641791
1	150365583	150365734	1	150365583	150365712	129	151	129	85.43046357615894	100.0	85.43046357615894
1	150485809	150486676	1	150485809	150486569	760	867	760	87.65859284890428	100.0	87.65859284890428
1	150594128	150594488	1	150594128	150594549	360	360	421	100.0	85.5106888361045	85.5106888361045
1	150823589	150823999	1	150823589	150824120	410	410	531	100.0	77.21280602636534	77.21280602636534
1	151014909	151015760	1	151014957	151015760	803	851	803	94.35957696827262	100.0	94.35957696827262
1	155544910	155545096	1	155544894	155545086	176	186	192	94.6236559139785	91.66666666666666	91.66666666666666
1	155689804	155690277	1	155689836	155689991	155	473	155	32.76955602536998	100.0	32.76955602536998
1	155822620	155823218	1	155822620	155823218	598	598	598	100.0	100.0	100.0
1	174763104	174763832	1	174763104	174763832	728	728	728	100.0	100.0	100.0
1	196770347	196771137	1	196770347	196771095	748	790	748	94.68354430379748	100.0	94.68354430379748
1	197145691	197145808	1	197145691	197145808	117	117	117	100.0	100.0	100.0
1	227919434	227919983	1	227919434	227919945	511	549	511	93.0783242258652	100.0	93.0783242258652
10	21976385	21977135	10	21976385	21977135	750	750	750	100.0	100.0	100.0
10	22454176	22454613	10	22454040	22454613	437	437	573	100.0	76.26527050610821	76.26527050610821
10	38355750	38356563	10	38355778	38356563	785	813	785	96.5559655596556	100.0	96.5559655596556
10	38401902	38402378	10	38401902	38402323	421	476	421	88.4453781512605	100.0	88.4453781512605
10	42177911	42179463	10	42177913	42179187	1274	1552	1274	82.08762886597938	100.0	82.08762886597938
10	42367154	42369565	10	42367154	42369464	2310	2411	2310	95.81086686022398	100.0	95.81086686022398
10	45600383	45601265	10	45600383	45601265	882	882	882	100.0	100.0	100.0
10	45969708	45971265	10	45970191	45971265	1074	1557	1074	68.97880539499036	100.0	68.97880539499036
10	46465949	46466131	10	46465937	46466131	182	182	194	100.0	93.81443298969072	93.81443298969072
10	46786160	46786273	10	46786160	46786273	113	113	113	100.0	100.0	100.0
10	46890447	46891493	10	46891028	46891493	465	1046	465	44.45506692160612	100.0	44.45506692160612
10	46910606	46912723	10	46910606	46912723	2117	2117	2117	100.0	100.0	100.0
10	47762204	47762278	10	47762204	47762278	74	74	74	100.0	100.0	100.0
10	92110399	92110931	10	92110564	92110931	367	532	367	68.98496240601504	100.0	68.98496240601504
10	95230021	95231243	10	95230021	95231243	1222	1222	1222	100.0	100.0	100.0
10	133631648	133632758	10	133631648	133632758	1110	1110	1110	100.0	100.0	100.0
10	133689642	133690310	10	133689575	133690310	668	668	735	100.0	90.88435374149661	90.88435374149661
10	133764119	133764710	10	133764119	133764710	591	591	591	100.0	100.0	100.0
11	46279041	46279524	11	46279041	46279524	483	483	483	100.0	100.0	100.0
11	47184400	47185217	11	47184535	47185284	682	817	749	83.47613219094248	91.0547396528705	83.47613219094248
11	47257582	47258035	11	47257582	47258035	453	453	453	100.0	100.0	100.0
11	48172899	48173190	11	48172899	48173190	291	291	291	100.0	100.0	100.0
11	48900296	48900434	11	48900296	48900464	138	138	168	100.0	82.14285714285714	82.14285714285714
11	49206600	49207678	11	49206600	49207678	1078	1078	1078	100.0	100.0	100.0
11	49559236	49560273	11	49559236	49560273	1037	1037	1037	100.0	100.0	100.0
11	49851833	49852446	11	49851833	49852507	613	613	674	100.0	90.94955489614243	90.94955489614243
11	50817439	50819581	11	50817439	50819581	2142	2142	2142	100.0	100.0	100.0
11	66982127	66982506	11	66982127	66982506	379	379	379	100.0	100.0	100.0
11	67416328	67417146	11	67416328	67416810	482	818	482	58.924205378973106	100.0	58.924205378973106
12	34352373	34352763	12	34352455	34352652	197	390	197	50.51282051282051	100.0	50.51282051282051
12	38055441	38055923	12	38055441	38055915	474	482	474	98.3402489626556	100.0	98.3402489626556
12	46270051	46270119	12	46270051	46270119	68	68	68	100.0	100.0	100.0
12	74022002	74022230	12	74022002	74022230	228	228	228	100.0	100.0	100.0
12	109877521	109879013	12	109877740	109879013	1273	1492	1273	85.32171581769437	100.0	85.32171581769437
12	109989379	109989778	12	109989379	109989778	399	399	399	100.0	100.0	100.0
12	110079513	110080004	12	110079513	110080056	491	491	543	100.0	90.42357274401473	90.42357274401473
12	110432123	110432448	12	110432123	110432448	325	325	325	100.0	100.0	100.0
12	110450707	110450963	12	110450707	110451041	256	256	334	100.0	76.64670658682635	76.64670658682635
12	111840962	111841065	12	111840962	111841065	103	103	103	100.0	100.0	100.0
12	122793692	122794261	12	122793692	122794261	569	569	569	100.0	100.0	100.0
12	122844680	122846208	12	122844680	122846030	1350	1528	1350	88.35078534031413	100.0	88.35078534031413
12	122847747	122848666	12	122847747	122848637	890	919	890	96.84439608269858	100.0	96.84439608269858
12	122856954	122857439	12	122856954	122857439	485	485	485	100.0	100.0	100.0
12	122865129	122865496	12	122865129	122865469	340	367	340	92.64305177111717	100.0	92.64305177111717
12	122867964	122868289	12	122868022	122868205	183	325	183	56.30769230769231	100.0	56.30769230769231
13	49562866	49563709	13	49563165	49563709	544	843	544	64.5314353499407	100.0	64.5314353499407
14	45253796	45254058	14	45253784	45253925	129	262	141	49.23664122137404	91.48936170212765	49.23664122137404
14	105498752	105500511	14	105498788	105500300	1512	1759	1512	85.95793064241046	100.0	85.95793064241046
14	105559549	105560498	14	105559549	105560498	949	949	949	100.0	100.0	100.0
14	105680028	105680210	14	105680028	105680210	182	182	182	100.0	100.0	100.0
14	106732829	106733246	14	106732829	106733246	417	417	417	100.0	100.0	100.0
15	50877023	50877254	15	50877023	50877221	198	231	198	85.71428571428571	100.0	85.71428571428571
15	83000316	83000566	15	83000316	83000566	250	250	250	100.0	100.0	100.0
16	14973916	14974172	16	14973884	14974172	256	256	288	100.0	88.88888888888889	88.88888888888889
16	14989485	14990306	16	14989485	14990306	821	821	821	100.0	100.0	100.0
16	15145319	15146556	16	15145292	15146366	1047	1237	1074	84.64025869037995	97.48603351955308	84.64025869037995
16	15207107	15208134	16	15207434	15208134	700	1027	700	68.15968841285297	100.0	68.15968841285297
16	18559426	18560662	16	18559520	18560662	1142	1236	1142	92.39482200647248	100.0	92.39482200647248
16	21756189	21757721	16	21756189	21757721	1532	1532	1532	100.0	100.0	100.0
16	32084992	32086011	16	32084978	32086011	1019	1019	1033	100.0	98.64472410454985	98.64472410454985
16	32115559	32116775	16	32115559	32116672	1113	1216	1113	91.5296052631579	100.0	91.5296052631579
16	32445561	32447483	16	32446328	32447483	1155	1922	1155	60.09365244536941	100.0	60.09365244536941
16	34064192	34065462	16	34064192	34065462	1270	1270	1270	100.0	100.0	100.0
16	46553325	46554613	16	46553335	46554578	1243	1288	1243	96.50621118012423	100.0	96.50621118012423
16	67881579	67882576	16	67881516	67882478	899	997	962	90.17051153460382	93.45114345114345	90.17051153460382
16	67926195	67927186	16	67926195	67927186	991	991	991	100.0	100.0	100.0
16	68220787	68220881	16	68220787	68220881	94	94	94	100.0	100.0	100.0
16	69315778	69316292	16	69315816	69316187	371	514	371	72.17898832684824	100.0	72.17898832684824
16	69894568	69895233	16	69894568	69895233	665	665	665	100.0	100.0	100.0
16	70196377	70197119	16	70196377	70197078	701	742	701	94.4743935309973	100.0	94.4743935309973
16	70428089	70428776	16	70428221	70428776	555	687	555	80.78602620087337	100.0	80.78602620087337
16	71610107	71610700	16	71610345	71610700	355	593	355	59.86509274873525	100.0	59.86509274873525
16	71896786	71897041	16	71896786	71897041	255	255	255	100.0	100.0	100.0
16	72427157	72431632	16	72427584	72428661	1077	4475	1077	24.067039106145252	100.0	24.067039106145252
16	72427157	72431632	16	72429539	72431583	2044	4475	2044	45.675977653631286	100.0	45.675977653631286
17	18247457	18248127	17	18247457	18248127	670	670	670	100.0	100.0	100.0
17	19724451	19724984	17	19724467	19724946	479	533	479	89.8686679174484	100.0	89.8686679174484
17	20116163	20117875	17	20116323	20117086	763	1712	763	44.56775700934579	100.0	44.56775700934579
17	21573694	21574824	17	21573807	21574824	1017	1130	1017	90.0	100.0	90.0
17	22118694	22119985	17	22118694	22119985	1291	1291	1291	100.0	100.0	100.0
17	26783354	26783984	17	26783254	26783959	605	630	705	96.03174603174604	85.81560283687944	85.81560283687944
17	26813101	26813921	17	26813101	26813775	674	820	674	82.1951219512195	100.0	82.1951219512195
17	26841905	26843984	17	26841905	26843984	2079	2079	2079	100.0	100.0	100.0
17	26866705	26867485	17	26866705	26867444	739	780	739	94.74358974358974	100.0	94.74358974358974
17	26937569	26938988	17	26937698	26939176	1290	1419	1478	90.9090909090909	87.28010825439783	87.28010825439783
17	29534121	29534354	17	29534121	29534354	233	233	233	100.0	100.0	100.0
17	30105278	30106190	17	30105036	30106190	912	912	1154	100.0	79.02946273830156	79.02946273830156
17	30236406	30236592	17	30236495	30236592	97	186	97	52.1505376344086	100.0	52.1505376344086
17	30340423	30341965	17	30340825	30341429	604	1542	604	39.16990920881972	100.0	39.16990920881972
17	30601973	30602214	17	30601973	30602214	241	241	241	100.0	100.0	100.0
17	58632471	58632757	17	58632471	58632757	286	286	286	100.0	100.0	100.0
17	58693403	58693581	17	58693403	58693581	178	178	178	100.0	100.0	100.0
17	60102151	60102770	17	60102151	60102770	619	619	619	100.0	100.0	100.0
17	60326908	60327626	17	60326908	60327639	718	718	731	100.0	98.22161422708618	98.22161422708618
17	60545485	60546384	17	60545485	60546611	899	899	1126	100.0	79.84014209591474	79.84014209591474
17	83120264	83120760	17	83120264	83120705	441	496	441	88.91129032258065	100.0	88.91129032258065
18	21682330	21682971	18	21682238	21682971	641	641	733	100.0	87.44884038199181	87.44884038199181
19	11930158	11932932	19	11930738	11932932	2194	2774	2194	79.09156452775775	100.0	79.09156452775775
19	24087905	24088209	19	24087905	24088209	304	304	304	100.0	100.0	100.0
19	37104284	37106764	19	37104284	37106699	2415	2480	2415	97.37903225806451	100.0	97.37903225806451
19	37171622	37171859	19	37171622	37171859	237	237	237	100.0	100.0	100.0
19	37250622	37250876	19	37250622	37250876	254	254	254	100.0	100.0	100.0
19	37403472	37403929	19	37403472	37403954	457	457	482	100.0	94.81327800829875	94.81327800829875
19	37855682	37855984	19	37855700	37856006	284	302	306	94.03973509933775	92.81045751633987	92.81045751633987
2	24221175	24221247	2	24221175	24221247	72	72	72	100.0	100.0	100.0
2	27765989	27767067	2	27765973	27766621	632	1078	648	58.62708719851577	97.53086419753086	58.62708719851577
2	63060055	63060287	2	63060153	63060287	134	232	134	57.758620689655174	100.0	57.758620689655174
2	83035863	83035915	2	83035863	83035915	52	52	52	100.0	100.0	100.0
2	87341865	87342019	2	87341865	87342019	154	154	154	100.0	100.0	100.0
2	87348702	87349209	2	87348702	87349229	507	507	527	100.0	96.20493358633776	96.20493358633776
2	87485573	87487210	2	87486100	87486750	650	1637	650	39.706780696395846	100.0	39.706780696395846
2	87583416	87583951	2	87583416	87583941	525	535	525	98.13084112149532	100.0	98.13084112149532
2	89325547	89326534	2	89325547	89326534	987	987	987	100.0	100.0	100.0
2	89767579	89767621	2	89767579	89767621	42	42	42	100.0	100.0	100.0
2	89768402	89770757	2	89768402	89770757	2355	2355	2355	100.0	100.0	100.0
2	89814416	89815200	2	89814352	89814626	210	784	274	26.785714285714285	76.64233576642336	26.785714285714285
2	89832643	89833897	2	89832823	89833897	1074	1254	1074	85.64593301435407	100.0	85.64593301435407
2	90237864	90238414	2	90237864	90238403	539	550	539	98.0	100.0	98.0
2	90245037	90245397	2	90245037	90245397	360	360	360	100.0	100.0	100.0
2	90360569	90360980	2	90360572	90360980	408	411	408	99.27007299270073	100.0	99.27007299270073
2	91443479	91443567	2	91443479	91443567	88	88	88	100.0	100.0	100.0
2	91571255	91571873	2	91571261	91571866	605	618	605	97.89644012944983	100.0	97.89644012944983
2	91659986	91660132	2	91660018	91660132	114	146	114	78.08219178082192	100.0	78.08219178082192
2	91744862	91745550	2	91744862	91745373	511	688	511	74.27325581395348	100.0	74.27325581395348
2	91748542	91749241	2	91748542	91749241	699	699	699	100.0	100.0	100.0
2	91840092	91840395	2	91840092	91840395	303	303	303	100.0	100.0	100.0
2	92074652	92075036	2	92074551	92075036	384	384	485	100.0	79.17525773195877	79.17525773195877
2	94807129	94808071	2	94807891	94808071	180	942	180	19.10828025477707	100.0	19.10828025477707
2	94858407	94858810	2	94858334	94858723	316	403	389	78.41191066997519	81.23393316195373	78.41191066997519
2	94871299	94872159	2	94871299	94872064	765	860	765	88.95348837209302	100.0	88.95348837209302
2	95056875	95058557	2	95056790	95058790	1682	1682	2000	100.0	84.1	84.1
2	95060795	95061155	2	95060746	95061155	360	360	409	100.0	88.01955990220048	88.01955990220048
2	95312325	95313727	2	95312584	95313273	689	1402	689	49.14407988587732	100.0	49.14407988587732
2	95527489	95527623	2	95527489	95527538	49	134	49	36.56716417910448	100.0	36.56716417910448
2	95858153	95859283	2	95858153	95859283	1130	1130	1130	100.0	100.0	100.0
2	96164520	96165031	2	96164520	96165146	511	511	626	100.0	81.629392971246	81.629392971246
2	96554163	96554369	2	96554163	96554287	124	206	124	60.19417475728155	100.0	60.19417475728155
2	97697294	97697876	2	97697294	97697876	582	582	582	100.0	100.0	100.0
2	110211679	110213540	2	110211366	110213540	1861	1861	2174	100.0	85.60257589696411	85.60257589696411
2	131646712	131647386	2	131646712	131647323	611	674	611	90.65281899109793	100.0	90.65281899109793
2	135404619	135405772	2	135404619	135405677	1058	1153	1058	91.76062445793582	100.0	91.76062445793582
2	161415195	161416096	2	161415348	161415694	346	901	346	38.40177580466148	100.0	38.40177580466148
2	161419147	161419266	2	161419172	161419266	94	119	94	78.99159663865547	100.0	78.99159663865547
2	161423803	161427949	2	161424600	161426336	1736	4146	1736	41.87168355041003	100.0	41.87168355041003
2	161423803	161427949	2	161427624	161427883	259	4146	259	6.246985045827303	100.0	6.246985045827303
2	164450749	164451478	2	164450816	164451478	662	729	662	90.80932784636488	100.0	90.80932784636488
2	182748338	182749853	2	182748338	182749853	1515	1515	1515	100.0	100.0	100.0
2	196923795	196924029	2	196923795	196924029	234	234	234	100.0	100.0	100.0
2	199461868	199462138	2	199461868	199462083	215	270	215	79.62962962962963	100.0	79.62962962962963
2	199602455	199603473	2	199602284	199603588	1018	1018	1304	100.0	78.06748466257669	78.06748466257669
2	199830556	199830769	2	199830556	199830769	213	213	213	100.0	100.0	100.0
2	203013703	203014055	2	203013662	203014055	352	352	393	100.0	89.56743002544529	89.56743002544529
2	203250786	203251020	2	203250786	203251020	234	234	234	100.0	100.0	100.0
2	209663051	209663415	2	209663051	209663415	364	364	364	100.0	100.0	100.0
2	210117891	210118423	2	210117891	210118405	514	532	514	96.61654135338345	100.0	96.61654135338345
2	241589760	241591291	2	241589760	241591149	1389	1531	1389	90.7250163291966	100.0	90.7250163291966
2	241728753	241729077	2	241728677	241729077	324	324	400	100.0	81.0	81.0
2	241810575	241811651	2	241810518	241811821	1076	1076	1303	100.0	82.57866462010745	82.57866462010745
2	241812456	241813660	2	241812687	241813522	835	1204	835	69.35215946843853	100.0	69.35215946843853
2	242046269	242047918	2	242046269	242047955	1649	1649	1686	100.0	97.80545670225386	97.80545670225386
20	25750913	25752036	20	25751401	25751633	232	1123	232	20.658949243098842	100.0	20.658949243098842
20	25853036	25854413	20	25853275	25854567	1138	1377	1292	82.64342774146695	88.08049535603715	82.64342774146695
20	25867827	25868038	20	25867874	25868083	164	211	209	77.72511848341233	78.4688995215311	77.72511848341233
20	25984743	25985503	20	25984843	25985473	630	760	630	82.89473684210526	100.0	82.89473684210526
20	25987030	25987683	20	25987030	25987683	653	653	653	100.0	100.0	100.0
20	30281388	30282095	20	30281388	30282063	675	707	675	95.47383309759547	100.0	95.47383309759547
20	30283328	30286267	20	30283328	30285275	1947	2939	1947	66.24702279686969	100.0	66.24702279686969
20	30289062	30291025	20	30289062	30291025	1963	1963	1963	100.0	100.0	100.0
20	30293308	30296632	20	30294318	30295598	1280	3324	1280	38.50782190132371	100.0	38.50782190132371
20	30314138	30317218	20	30314138	30317218	3080	3080	3080	100.0	100.0	100.0
20	30339004	30342218	20	30339004	30342218	3214	3214	3214	100.0	100.0	100.0
20	30343749	30345411	20	30343749	30344798	1049	1662	1049	63.116726835138394	100.0	63.116726835138394
20	30376769	30377494	20	30376724	30377365	596	725	641	82.20689655172414	92.97971918876755	82.20689655172414
20	30400045	30402299	20	30401005	30402299	1294	2254	1294	57.40905057675244	100.0	57.40905057675244
20	30488252	30489949	20	30488297	30489937	1640	1697	1640	96.64113140836771	100.0	96.64113140836771
20	30499650	30500815	20	30499650	30500693	1043	1165	1043	89.52789699570816	100.0	89.52789699570816
20	30537206	30537963	20	30537206	30537963	757	757	757	100.0	100.0	100.0
20	30541011	30544151	20	30541011	30544089	3078	3140	3078	98.02547770700637	100.0	98.02547770700637
20	30579714	30581132	20	30579916	30581132	1216	1418	1216	85.75458392101551	100.0	85.75458392101551
20	30585346	30586487	20	30585346	30586487	1141	1141	1141	100.0	100.0	100.0
20	30691050	30692181	20	30691050	30691453	403	1131	403	35.63218390804598	100.0	35.63218390804598
20	30694010	30694221	20	30694010	30694221	211	211	211	100.0	100.0	100.0
20	30705632	30708403	20	30705632	30708403	2771	2771	2771	100.0	100.0	100.0
20	30723346	30724582	20	30723346	30724582	1236	1236	1236	100.0	100.0	100.0
20	30891334	30895689	20	30891334	30895689	4355	4355	4355	100.0	100.0	100.0
20	30898676	30900713	20	30898634	30900713	2037	2037	2079	100.0	97.97979797979798	97.97979797979798
20	30911727	30913310	20	30911813	30913310	1497	1583	1497	94.56727732154138	100.0	94.56727732154138
20	36845441	36845653	20	36845510	36845653	143	212	143	67.45283018867924	100.0	67.45283018867924
21	46661614	46661850	21	46661614	46661850	236	236	236	100.0	100.0	100.0
22	16386679	16386762	22	16386679	16386757	78	83	78	93.97590361445783	100.0	93.97590361445783
22	18903747	18905854	22	18903793	18904612	819	2107	819	38.87043189368771	100.0	38.87043189368771
22	18903747	18905854	22	18905620	18905854	234	2107	234	11.105837683910774	100.0	11.105837683910774
22	18907007	18912125	22	18907007	18910889	3882	5118	3882	75.84994138335287	100.0	75.84994138335287
22	21149865	21151153	22	21149865	21151153	1288	1288	1288	100.0	100.0	100.0
22	29695278	29695555	22	29695210	29695555	277	277	345	100.0	80.28985507246377	80.28985507246377
22	41217562	41217944	22	41217464	41217944	382	382	480	100.0	79.58333333333333	79.58333333333333
22	41326757	41327423	22	41326912	41327423	511	666	511	76.72672672672672	100.0	76.72672672672672
22	41666339	41666563	22	41666433	41666563	130	224	130	58.03571428571429	100.0	58.03571428571429
22	41744319	41745321	22	41744256	41745321	1002	1002	1065	100.0	94.08450704225352	94.08450704225352
3	37280914	37282237	3	37280914	37282161	1247	1323	1247	94.25547996976569	100.0	94.25547996976569
3	46628792	46629338	3	46628864	46629266	402	546	402	73.62637362637363	100.0	73.62637362637363
3	48089739	48089814	3	48089739	48089814	75	75	75	100.0	100.0	100.0
3	48543160	48543623	3	48543160	48543623	463	463	463	100.0	100.0	100.0
3	48610250	48610521	3	48610250	48610537	271	271	287	100.0	94.42508710801394	94.42508710801394
3	48747155	48748012	3	48747155	48748012	857	857	857	100.0	100.0	100.0
3	48898096	48898290	3	48898096	48898290	194	194	194	100.0	100.0	100.0
3	49199098	49199894	3	49199513	49199912	381	796	399	47.8643216080402	95.48872180451127	47.8643216080402
3	49789302	49790517	3	49789302	49790517	1215	1215	1215	100.0	100.0	100.0
3	50212515	50213544	3	50212837	50213553	707	1029	716	68.70748299319727	98.74301675977654	68.70748299319727
3	50258133	50258668	3	50258133	50258425	292	535	292	54.57943925233645	100.0	54.57943925233645
3	53182920	53183195	3	53182947	53183164	217	275	217	78.9090909090909	100.0	78.9090909090909
3	57545304	57545717	3	57545304	57545717	413	413	413	100.0	100.0	100.0
3	75395799	75396547	3	75395756	75396587	748	748	831	100.0	90.01203369434417	90.01203369434417
3	79490247	79491382	3	79490247	79491660	1135	1135	1413	100.0	80.32554847841472	80.32554847841472
3	122022516	122022700	3	122022516	122022687	171	184	171	92.93478260869566	100.0	92.93478260869566
3	129358455	129360996	3	129358455	129360996	2541	2541	2541	100.0	100.0	100.0
3	158712935	158713563	3	158712935	158713563	628	628	628	100.0	100.0	100.0
3	198118139	198120558	3	198118139	198119773	1634	2419	1634	67.54857379082266	100.0	67.54857379082266
3	198157171	198157353	3	198157171	198157353	182	182	182	100.0	100.0	100.0
4	9123243	9125034	4	9122898	9124776	1533	1791	1878	85.59463986599664	81.629392971246	81.629392971246
4	9381178	9382216	4	9381230	9382216	986	1038	986	94.99036608863199	100.0	94.99036608863199
4	48776234	48778001	4	48776234	48777965	1731	1767	1731	97.96264855687606	100.0	97.96264855687606
4	49096167	49098682	4	49096167	49098831	2515	2515	2664	100.0	94.40690690690691	94.40690690690691
4	49113534	49118972	4	49117270	49119120	1702	5438	1850	31.2982714233174	92.0	31.2982714233174
4	49130062	49130592	4	49130057	49130592	530	530	535	100.0	99.06542056074767	99.06542056074767
4	49136860	49146771	4	49139359	49148705	7412	9911	9346	74.78559176672384	79.30665525358442	74.78559176672384
4	49149464	49155330	4	49149464	49154500	5036	5866	5036	85.85066484827821	100.0	85.85066484827821
4	49270561	49270630	4	49270561	49270618	57	69	57	82.6086956521739	100.0	82.6086956521739
4	52052323	52052943	4	52052368	52052659	291	620	291	46.935483870967744	100.0	46.935483870967744
4	150955481	150955816	4	150955606	150955816	210	335	210	62.68656716417911	100.0	62.68656716417911
4	150957021	150961046	4	150957021	150961046	4025	4025	4025	100.0	100.0	100.0
4	190022801	190023431	4	190022824	190023431	607	630	607	96.34920634920636	100.0	96.34920634920636
5	42810545	42813638	5	42810482	42813835	3093	3093	3353	100.0	92.24575007456009	92.24575007456009
5	43044181	43044384	5	43044204	43044330	126	203	126	62.06896551724138	100.0	62.06896551724138
5	62143926	62144576	5	62143926	62144427	501	650	501	77.07692307692308	100.0	77.07692307692308
5	69560797	69561056	5	69560850	69561056	206	259	206	79.53667953667953	100.0	79.53667953667953
5	138133161	138133533	5	138133161	138133533	372	372	372	100.0	100.0	100.0
5	138576178	138576307	5	138576178	138576278	100	129	100	77.51937984496125	100.0	77.51937984496125
6	26340920	26341295	6	26340920	26341263	343	375	343	91.46666666666667	100.0	91.46666666666667
6	26440309	26440999	6	26440309	26440999	690	690	690	100.0	100.0	100.0
6	26659191	26659752	6	26659191	26659735	544	561	544	96.96969696969697	100.0	96.96969696969697
6	27178881	27179158	6	27178881	27179158	277	277	277	100.0	100.0	100.0
6	27208641	27209456	6	27208848	27209125	277	815	277	33.987730061349694	100.0	33.987730061349694
6	27213710	27214134	6	27213805	27213992	187	424	187	44.10377358490566	100.0	44.10377358490566
6	27217782	27218688	6	27217782	27218688	906	906	906	100.0	100.0	100.0
6	27228038	27228337	6	27228038	27228309	271	299	271	90.63545150501672	100.0	90.63545150501672
6	27301564	27303661	6	27301805	27303863	1856	2097	2058	88.50739151168335	90.1846452866861	88.50739151168335
6	27477940	27478257	6	27477940	27478287	317	317	347	100.0	91.35446685878964	91.35446685878964
6	27539115	27539336	6	27539115	27539336	221	221	221	100.0	100.0	100.0
6	27541185	27541505	6	27541185	27541505	320	320	320	100.0	100.0	100.0
6	27652982	27653955	6	27653027	27653942	915	973	915	94.03905447070915	100.0	94.03905447070915
6	27738325	27738759	6	27738325	27738831	434	434	506	100.0	85.7707509881423	85.7707509881423
6	27826376	27827808	6	27826075	27827808	1432	1432	1733	100.0	82.63127524523946	82.63127524523946
6	27901833	27902122	6	27901833	27902122	289	289	289	100.0	100.0	100.0
6	28219561	28220753	6	28219454	28220660	1099	1192	1206	92.19798657718121	91.12769485903814	91.12769485903814
6	28224015	28224679	6	28224015	28224679	664	664	664	100.0	100.0	100.0
6	28478629	28479570	6	28478629	28479407	778	941	778	82.6780021253985	100.0	82.6780021253985
6	28621242	28621601	6	28621242	28621601	359	359	359	100.0	100.0	100.0
6	28694926	28697266	6	28694926	28697266	2340	2340	2340	100.0	100.0	100.0
6	28730754	28734207	6	28730754	28734685	3453	3453	3931	100.0	87.84024421266852	87.84024421266852
6	28739465	28739675	6	28739418	28739675	210	210	257	100.0	81.71206225680933	81.71206225680933
6	28740469	28742561	6	28740418	28740991	522	2092	573	24.95219885277247	91.09947643979058	24.95219885277247
6	28740469	28742561	6	28742024	28742561	537	2092	537	25.66921606118547	100.0	25.66921606118547
6	28744130	28746407	6	28744130	28746407	2277	2277	2277	100.0	100.0	100.0
6	28885040	28885524	6	28885040	28885524	484	484	484	100.0	100.0	100.0
6	29004288	29005114	6	29004190	29004877	589	826	687	71.30750605326877	85.73508005822417	71.30750605326877
6	29014698	29015259	6	29014698	29015323	561	561	625	100.0	89.75999999999999	89.75999999999999
6	29656215	29661106	6	29656215	29661106	4891	4891	4891	100.0	100.0	100.0
6	29920963	29922796	6	29920963	29922796	1833	1833	1833	100.0	100.0	100.0
6	29924210	29926391	6	29924210	29925626	1416	2181	1416	64.92434662998625	100.0	64.92434662998625
6	30515342	30515844	6	30515526	30515844	318	502	318	63.34661354581673	100.0	63.34661354581673
6	30627595	30627938	6	30627595	30627841	246	343	246	71.7201166180758	100.0	71.7201166180758
6	30875720	30877094	6	30875777	30876947	1170	1374	1170	85.1528384279476	100.0	85.1528384279476
6	32008626	32009666	6	32008749	32009065	316	1040	316	30.384615384615383	100.0	30.384615384615383
6	32096046	32096398	6	32096019	32096441	352	352	422	100.0	83.41232227488152	83.41232227488152
6	32163794	32164227	6	32163794	32164004	210	433	210	48.49884526558891	100.0	48.49884526558891
6	33972326	33973513	6	33972569	33973129	560	1187	560	47.17775905644482	100.0	47.17775905644482
6	63615932	63616936	6	63615932	63616936	1004	1004	1004	100.0	100.0	100.0
6	77650077	77650360	6	77650077	77650166	89	283	89	31.448763250883395	100.0	31.448763250883395
6	78318462	78319098	6	78318462	78318767	305	636	305	47.9559748427673	100.0	47.9559748427673
6	127021832	127022539	6	127021832	127022539	707	707	707	100.0	100.0	100.0
7	650781	651060	7	650752	651060	279	279	308	100.0	90.5844155844156	90.5844155844156
7	675024	675398	7	675024	675398	374	374	374	100.0	100.0	100.0
7	56074086	56074169	7	56074086	56074169	83	83	83	100.0	100.0	100.0
7	56447625	56448500	7	56447646	56448500	854	875	854	97.6	100.0	97.6
7	57494769	57494961	7	57494802	57494946	144	192	144	75.0	100.0	75.0
7	58043080	58043898	7	58043618	58043898	280	818	280	34.229828850855746	100.0	34.229828850855746
7	64574565	64575500	7	64574565	64575441	876	935	876	93.68983957219251	100.0	93.68983957219251
7	64665433	64665655	7	64665489	64665655	166	222	166	74.77477477477478	100.0	74.77477477477478
7	65141544	65141677	7	65141544	65141677	133	133	133	100.0	100.0	100.0
7	65508997	65510337	7	65509136	65510337	1201	1340	1201	89.62686567164178	100.0	89.62686567164178
7	66658463	66659036	7	66658766	66659036	270	573	270	47.12041884816754	100.0	47.12041884816754
7	72618070	72618806	7	72618413	72618806	393	736	393	53.39673913043478	100.0	53.39673913043478
7	92147159	92147540	7	92147143	92147540	381	381	397	100.0	95.96977329974811	95.96977329974811
7	100078830	100079703	7	100078830	100079703	873	873	873	100.0	100.0	100.0
7	100242083	100242459	7	100242083	100242508	376	376	425	100.0	88.47058823529412	88.47058823529412
7	103076207	103077048	7	103076224	103077048	824	841	824	97.97859690844233	100.0	97.97859690844233
7	118946175	118946431	7	118946175	118946431	256	256	256	100.0	100.0	100.0
7	124749027	124752414	7	124749095	124752414	3319	3387	3319	97.99232359019781	100.0	97.99232359019781
7	143620094	143621058	7	143620819	143621058	239	964	239	24.79253112033195	100.0	24.79253112033195
8	42898800	42899262	8	42898800	42899262	462	462	462	100.0	100.0	100.0
8	43077392	43078231	8	43077308	43078231	839	839	923	100.0	90.89924160346695	90.89924160346695
8	43092397	43092554	8	43092397	43092504	107	157	107	68.15286624203821	100.0	68.15286624203821
8	47763086	47763531	8	47762980	47763531	445	445	551	100.0	80.76225045372051	80.76225045372051
8	47852951	47853431	8	47852951	47853431	480	480	480	100.0	100.0	100.0
8	81842461	81842982	8	81842461	81842938	477	521	477	91.55470249520154	100.0	91.55470249520154
8	85465438	85468745	8	85465043	85468745	3307	3307	3702	100.0	89.33009184224744	89.33009184224744
8	109643484	109644016	8	109643484	109643677	193	532	193	36.278195488721806	100.0	36.278195488721806
8	110893583	110895106	8	110893506	110895106	1523	1523	1600	100.0	95.1875	95.1875
9	34049977	34050075	9	34049977	34050084	98	98	107	100.0	91.58878504672897	91.58878504672897
9	35538169	35538391	9	35538169	35538365	196	222	196	88.28828828828829	100.0	88.28828828828829
9	39078440	39078667	9	39078440	39078667	227	227	227	100.0	100.0	100.0
9	68322224	68322622	9	68322221	68322622	398	398	401	100.0	99.25187032418953	99.25187032418953
9	94865429	94866260	9	94865429	94866260	831	831	831	100.0	100.0	100.0
9	138220920	138221006	9	138220957	138221012	49	86	55	56.97674418604651	89.0909090909091	56.97674418604651
X	11110943	11111637	X	11111051	11111637	586	694	586	84.43804034582134	100.0	84.43804034582134
X	11757707	11759161	X	11757733	11759161	1428	1454	1428	98.21182943603851	100.0	98.21182943603851
X	17737043	17738114	X	17737028	17738049	1006	1071	1021	93.93090569561157	98.53085210577865	93.93090569561157
X	24693899	24694286	X	24694058	24694286	228	387	228	58.91472868217055	100.0	58.91472868217055
X	43655216	43655840	X	43655301	43655699	398	624	398	63.78205128205128	100.0	63.78205128205128
X	46836651	46837214	X	46836651	46837317	563	563	666	100.0	84.53453453453453	84.53453453453453
X	46912161	46913247	X	46912175	46913247	1072	1086	1072	98.71086556169429	100.0	98.71086556169429
X	47143946	47144361	X	47144008	47144297	289	415	289	69.63855421686746	100.0	69.63855421686746
X	47219576	47220083	X	47219630	47220083	453	507	453	89.3491124260355	100.0	89.3491124260355
X	48508388	48508570	X	48508388	48508627	182	182	239	100.0	76.15062761506276	76.15062761506276
X	48675892	48676877	X	48675892	48676877	985	985	985	100.0	100.0	100.0
X	48736948	48737420	X	48737120	48737439	300	472	319	63.559322033898304	94.04388714733543	63.559322033898304
X	49155614	49156774	X	49155898	49156774	876	1160	876	75.51724137931033	100.0	75.51724137931033
X	49163421	49163652	X	49163421	49163625	204	231	204	88.31168831168831	100.0	88.31168831168831
X	49171666	49172623	X	49171833	49172332	499	957	499	52.14211076280042	100.0	52.14211076280042
X	49186178	49186373	X	49186224	49186335	111	195	111	56.92307692307692	100.0	56.92307692307692
X	49190679	49191819	X	49190675	49191837	1140	1140	1162	100.0	98.10671256454388	98.10671256454388
X	49268975	49270445	X	49268859	49270445	1470	1470	1586	100.0	92.6860025220681	92.6860025220681
X	49879523	49880040	X	49879505	49880040	517	517	535	100.0	96.6355140186916	96.6355140186916
X	53683551	53684580	X	53683560	53684580	1020	1029	1020	99.12536443148689	100.0	99.12536443148689
X	54043773	54044720	X	54043822	54044613	791	947	791	83.52692713833157	100.0	83.52692713833157
X	54182507	54183106	X	54182485	54183077	570	599	592	95.15859766277129	96.28378378378379	95.15859766277129
X	54357660	54359003	X	54357701	54359088	1302	1343	1387	96.94713328369322	93.87166546503244	93.87166546503244
X	54495086	54495845	X	54495164	54495877	681	759	713	89.72332015810277	95.51192145862552	89.72332015810277
X	54530616	54530952	X	54530712	54530952	240	336	240	71.42857142857143	100.0	71.42857142857143
X	55000275	55000902	X	55000275	55000902	627	627	627	100.0	100.0	100.0
X	69504654	69506103	X	69504676	69506050	1374	1449	1374	94.824016563147	100.0	94.824016563147
X	70434421	70434871	X	70434525	70434941	346	450	416	76.88888888888889	83.17307692307693	76.88888888888889
X	70445150	70445504	X	70445150	70445582	354	354	432	100.0	81.94444444444444	81.94444444444444
X	73079441	73079522	X	73079441	73079522	81	81	81	100.0	100.0	100.0
X	73850950	73852376	X	73850950	73852376	1426	1426	1426	100.0	100.0	100.0
X	74420333	74420538	X	74420333	74420538	205	205	205	100.0	100.0	100.0
X	74614128	74615014	X	74614220	74615014	794	886	794	89.61625282167043	100.0	89.61625282167043
X	74924029	74925340	X	74924073	74925340	1267	1311	1267	96.64378337147215	100.0	96.64378337147215
X	75746879	75747603	X	75746842	75747603	724	724	761	100.0	95.13797634691196	95.13797634691196
X	78103858	78104038	X	78103858	78103964	106	180	106	58.88888888888889	100.0	58.88888888888889
X	101931553	101932167	X	101931553	101932174	614	614	621	100.0	98.87278582930756	98.87278582930756
X	102651236	102651958	X	102651285	102651965	673	722	680	93.21329639889197	98.97058823529412	93.21329639889197
X	103215676	103215915	X	103215707	103215915	208	239	208	87.02928870292888	100.0	87.02928870292888
X	118974275	118976419	X	118974402	118976419	2017	2144	2017	94.07649253731343	100.0	94.07649253731343
X	119606157	119606438	X	119606113	119606364	207	281	251	73.66548042704626	82.47011952191235	73.66548042704626
X	120251491	120251870	X	120251491	120251870	379	379	379	100.0	100.0	100.0
X	129523238	129523837	X	129523211	129523837	599	599	626	100.0	95.68690095846645	95.68690095846645
X	129843350	129844528	X	129843522	129844528	1006	1178	1006	85.39898132427844	100.0	85.39898132427844
X	129931765	129933169	X	129931759	129933190	1404	1404	1431	100.0	98.11320754716981	98.11320754716981
X	129980303	129981062	X	129980179	129980998	695	759	819	91.56785243741766	84.85958485958486	84.85958485958486
X	129982393	129983930	X	129982393	129983986	1537	1537	1593	100.0	96.48462021343377	96.48462021343377
X	131704398	131705033	X	131704603	131704921	318	635	318	50.07874015748032	100.0	50.07874015748032
X	131728634	131729583	X	131728634	131729583	949	949	949	100.0	100.0	100.0
X	131741442	131741958	X	131741442	131741958	516	516	516	100.0	100.0	100.0
X	131746804	131747307	X	131746724	131747307	503	503	583	100.0	86.27787307032591	86.27787307032591
X	131763388	131763871	X	131763472	131763871	399	483	399	82.6086956521739	100.0	82.6086956521739
X	131792294	131793061	X	131792294	131792853	559	767	559	72.88135593220339	100.0	72.88135593220339
X	132489312	132489963	X	132489437	132489963	526	651	526	80.79877112135176	100.0	80.79877112135176
X	133985143	133985936	X	133985199	133986013	737	793	814	92.93820933165196	90.54054054054053	90.54054054054053
X	135051890	135052433	X	135051890	135052433	543	543	543	100.0	100.0	100.0
X	135421734	135422700	X	135421690	135422639	905	966	949	93.68530020703933	95.36354056902002	93.68530020703933
X	135521082	135521640	X	135521140	135521640	500	558	500	89.6057347670251	100.0	89.6057347670251
X	135973789	135973959	X	135973834	135973965	125	170	131	73.52941176470588	95.41984732824427	73.52941176470588
X	136147647	136147865	X	136147647	136147844	197	218	197	90.36697247706422	100.0	90.36697247706422
X	136496496	136497889	X	136496496	136497889	1393	1393	1393	100.0	100.0	100.0
X	136880165	136880636	X	136880232	136880717	404	471	485	85.77494692144374	83.29896907216495	83.29896907216495
X	148500482	148501332	X	148500482	148501439	850	850	957	100.0	88.81922675026124	88.81922675026124
X	149539702	149541623	X	149539702	149541575	1873	1921	1873	97.50130140551796	100.0	97.50130140551796
X	149631009	149631432	X	149631009	149631472	423	423	463	100.0	91.36069114470843	91.36069114470843
X	149937868	149938749	X	149937800	149938749	881	881	949	100.0	92.83456269757639	92.83456269757639
X	149939846	149940447	X	149939826	149940361	515	601	535	85.69051580698836	96.26168224299066	85.69051580698836
X	152830918	152831270	X	152830939	152831206	267	352	267	75.85227272727273	100.0	75.85227272727273
X	154341455	154341667	X	154341455	154341686	212	212	231	100.0	91.77489177489177	91.77489177489177
X	154370507	154370773	X	154370455	154370778	266	266	323	100.0	82.35294117647058	82.35294117647058
X	154378005	154379951	X	154378010	154379951	1941	1946	1941	99.74306269270298	100.0	99.74306269270298
X	154397194	154398265	X	154397708	154398220	512	1071	512	47.80578898225957	100.0	47.80578898225957
X	154412129	154412437	X	154412171	154412337	166	308	166	53.896103896103895	100.0	53.896103896103895
X	154428396	154428668	X	154428392	154428668	272	272	276	100.0	98.55072463768117	98.55072463768117
X	154479129	154479328	X	154479129	154479328	199	199	199	100.0	100.0	100.0
X	154485807	154486397	X	154485807	154486525	590	590	718	100.0	82.17270194986072	82.17270194986072
X	154491096	154491237	X	154491096	154491237	141	141	141	100.0	100.0	100.0
X	154762474	154763088	X	154762474	154763059	585	614	585	95.27687296416939	100.0	95.27687296416939
X	155070725	155071038	X	155070725	155071100	313	313	375	100.0	83.46666666666667	83.46666666666667
