"id","description","genome_fraction","observed_region_hits","fold_enrichment","p_value","p_adjust","mean_tss_dist","observed_gene_hits","gene_set_size","fold_enrichment_hyper","p_value_hyper","p_adjust_hyper"
"GO:0050829","defense response to Gram-negative bacterium",0.0116364888093443,17,9.93824343392441,2.35567121364966e-12,1.09067577191979e-09,768221,1,35,1.79403905447071,0.430498505560184,0.886780112677277
"GO:0000413","protein peptidyl-prolyl isomerization",0.00300915241893263,8,18.0854144725533,2.06586134865461e-08,3.89567736362266e-06,63128,3,14,13.4552929085303,0.00126515113947634,0.292844739057295
"GO:0018208","peptidyl-proline modification",0.00308928727571371,8,17.6162861690841,2.52419699586781e-08,3.89567736362266e-06,63128,3,15,12.558273381295,0.00156309529072307,0.292844739057295
"GO:0042742","defense response to bacterium",0.030980866142691,18,3.95240659276161,8.22807557976368e-07,9.52399748357646e-05,729431,2,113,1.11135162666327,0.540490615129487,0.957191778284541
"GO:0045087","innate immune response",0.0832755012025763,27,2.20561229575731,8.0375139761335e-05,0.00744273794189962,524580,10,411,1.52777048434245,0.119608203713174,0.648122896297045
"GO:0006457","protein folding",0.014674197572268,9,4.17225470042895,0.000353159829571625,0.0272521668486104,64928,4,90,2.79072741806555,0.0551320068264662,0.627360814057039
"GO:0140546","defense response to symbiont",0.0949764078111562,27,1.93388519971146,0.000658720671515178,0.0435696672730754,524580,10,473,1.32751304242019,0.221139946480073,0.79370383891685
"GO:0098542","defense response to other organism",0.101796393267344,27,1.80432197539043,0.00183591395065252,0.106253519894015,524580,10,514,1.22162192425048,0.302550383634357,0.838347505834824
"GO:2000630","positive regulation of miRNA metabolic process",0.00707090495939576,5,4.81036099869789,0.00412177724527107,0.212042540506723,125573,3,39,4.83010514665191,0.0237908254391251,0.627360814057039
"GO:0051604","protein maturation",0.0442243687443067,14,2.15352073850361,0.00586879166298537,0.251077962653757,44403,9,264,2.14061478090255,0.0249684931749872,0.627360814057039
"GO:0000422","autophagy of mitochondrion",0.0109832347696732,6,3.71623910319335,0.00596513518183872,0.251077962653757,4304,5,56,5.60637204522097,0.00189748211052243,0.292844739057295
"GO:2001233","regulation of apoptotic signaling pathway",0.0311154572833619,11,2.40491185108831,0.00653490361939602,0.252138364648363,47721,6,196,1.92218470121862,0.0926722955407914,0.648122896297045
"GO:0009617","response to bacterium",0.0726294083856036,19,1.7796055833754,0.0104452595104336,0.372011934871598,691736,3,288,0.654076738609113,0.84274600093304,0.990687728802975
"GO:0009894","regulation of catabolic process",0.0827786429538328,20,1.643593285826,0.0191784936143186,0.614362258811259,132666,16,502,2.00131846713864,0.0060342786307912,0.627360814057039
"GO:0042594","response to starvation",0.0193888721018908,7,2.45599885175393,0.0251944825767942,0.614362258811259,42295,4,104,2.41505257332595,0.084021601216909,0.648122896297045
"GO:0009607","response to biotic stimulus",0.136746812591798,29,1.44265820771649,0.0260335896655144,0.614362258811259,489696,12,676,1.11463964922736,0.391273402244001,0.873696012848822
"GO:0061136","regulation of proteasomal protein catabolic process",0.0153964074348323,6,2.65102925493325,0.0269560633462522,0.614362258811259,269525,5,88,3.56769130150425,0.0129969587169271,0.627360814057039
"GO:0009267","cellular response to starvation",0.0154661380422523,6,2.63907682830097,0.0274724419848078,0.614362258811259,48773,3,85,2.21616589081676,0.153413209594058,0.682983808096622
"GO:1902115","regulation of organelle assembly",0.0158068218670758,6,2.58219690674373,0.0300896574892873,0.614362258811259,38457,4,108,2.32560618172129,0.0934110605434229,0.648122896297045
"GO:2001236","regulation of extrinsic apoptotic signaling pathway",0.0117972012569219,5,2.88319277610186,0.0309465929239252,0.614362258811259,71155,2,72,1.74420463629097,0.318633712697176,0.84785867229191
"GO:1903305","regulation of regulated secretory pathway",0.0118911715516831,5,2.86040826964291,0.0318559815310034,0.614362258811259,23859,4,69,3.64007924095506,0.0239964458292046,0.627360814057039
"GO:2001235","positive regulation of apoptotic signaling pathway",0.0119575816539879,5,2.84452211378655,0.0325086750760752,0.614362258811259,58706,2,78,1.61003504888397,0.353631998300257,0.870939733919363
"GO:0044706","multi-multicellular organism process",0.0207175168820014,7,2.29849203889957,0.0342324633306093,0.614362258811259,27522,5,103,3.04812460711043,0.0240762862326962,0.627360814057039
"GO:0051707","response to other organism",0.134676145601936,28,1.41432760512158,0.0358605251586012,0.614362258811259,505890,11,658,1.04970370208393,0.479407324858,0.932628535333
"GO:0043207","response to external biotic stimulus",0.134685221649251,28,1.41423229767726,0.0358872731010992,0.614362258811259,505890,11,659,1.04811082848441,0.481473828262957,0.932729633831586
"GO:0097190","apoptotic signaling pathway",0.0457241302213559,12,1.78532981745155,0.0379858081820865,0.614362258811259,45120,7,303,1.45062563810338,0.208430129663883,0.76589990239777
"GO:0009895","negative regulation of catabolic process",0.0309821943447371,9,1.97611857684053,0.0402329393965899,0.614362258811259,242658,7,172,2.55546260665886,0.0198554233670397,0.627360814057039
"GO:0006397","mRNA processing",0.0310008998568862,9,1.9749262143537,0.0403608734686201,0.614362258811259,40239,5,198,1.58564057844633,0.208148884836394,0.76589990239777
"GO:1990778","protein localization to cell periphery",0.0314022382418147,9,1.94968553911526,0.0431728715762721,0.614362258811259,42998,6,185,2.03647676453432,0.0748555034507312,0.638766474128187
"GO:0006401","RNA catabolic process",0.0218213634658104,7,2.18222145896872,0.0432135361244541,0.614362258811259,142205,4,140,1.79403905447071,0.183984316048113,0.731893354421068
"GO:0060627","regulation of vesicle-mediated transport",0.0467436359752379,12,1.74639074085869,0.0436619578994639,0.614362258811259,158698,10,257,2.44324384850097,0.00785662230906792,0.627360814057039
"GO:0006952","defense response",0.150044218059785,30,1.36014326504568,0.046982954730064,0.614362258811259,492540,13,795,1.02677706891091,0.503272529578613,0.951745766037005
"GO:0097191","extrinsic apoptotic signaling pathway",0.0176502556235521,6,2.31250625493196,0.0470757801316894,0.614362258811259,62048,3,106,1.77711415773042,0.238441838241795,0.811754199308464
"GO:0009057","macromolecule catabolic process",0.0976864934027098,21,1.46240424731205,0.0496491712559104,0.614362258811259,120582,17,644,1.65753608293489,0.0266626758237439,0.627360814057039
"GO:2000628","regulation of miRNA metabolic process",0.01370638101468,5,2.48158907925785,0.0527472841532288,0.614362258811259,125573,3,53,3.55422831546084,0.0519991580080952,0.627360814057039
"GO:0010639","negative regulation of organelle organization",0.0279250052851373,8,1.94885437448595,0.055004833759851,0.614362258811259,32083,6,175,2.15284686536485,0.0605260208715306,0.627360814057039
"GO:0000375","RNA splicing, via transesterification reactions",0.0184934425558149,6,2.20707023083586,0.0564957365534078,0.614362258811259,19370,4,126,1.99337672718968,0.141288118007915,0.656528381016299
"GO:0000377","RNA splicing, via transesterification reactions with bulged adenosine as nucleophile",0.0184934425558149,6,2.20707023083586,0.0564957365534078,0.614362258811259,19370,4,126,1.99337672718968,0.141288118007915,0.656528381016299
"GO:0000398","mRNA splicing, via spliceosome",0.0184934425558149,6,2.20707023083586,0.0564957365534078,0.614362258811259,19370,4,126,1.99337672718968,0.141288118007915,0.656528381016299
"GO:0016241","regulation of macroautophagy",0.0140002457173785,5,2.42950060511836,0.0567337064249671,0.614362258811259,5954,4,86,2.92052869332441,0.048059416027875,0.627360814057039
"GO:1903050","regulation of proteolysis involved in protein catabolic process",0.0185764551836959,6,2.19720749341003,0.0574804218652748,0.614362258811259,269525,5,111,2.82843995074211,0.0319087556497381,0.627360814057039
"GO:0010506","regulation of autophagy",0.0286248570799257,8,1.90120665250931,0.0616930474321944,0.614362258811259,35388,6,176,2.14061478090255,0.0618784435862761,0.627360814057039
"GO:0007565","female pregnancy",0.0189273218908727,6,2.15647658796858,0.0617563293119309,0.614362258811259,31900,4,92,2.7300594307163,0.0588684639273163,0.627360814057039
"GO:0009896","positive regulation of catabolic process",0.0443684786663081,11,1.68655618182402,0.0636493769869466,0.614362258811259,42866,9,270,2.09304556354916,0.0283257515845805,0.627360814057039
"GO:0018193","peptidyl-amino acid modification",0.0552113667531105,13,1.6017602778268,0.0639670749457911,0.614362258811259,59036,8,312,1.61003504888397,0.124590859207465,0.648122896297045
"GO:2001234","negative regulation of apoptotic signaling pathway",0.0191122740257915,6,2.13560806398714,0.0640845653992321,0.614362258811259,38566,4,115,2.18404754457304,0.110979405773221,0.648122896297045
"GO:0006914","autophagy",0.0445299658984125,11,1.68043991193483,0.0649540960817758,0.614362258811259,25901,9,279,2.02552796472499,0.0339411133274761,0.627360814057039
"GO:0061919","process utilizing autophagic mechanism",0.0445299658984125,11,1.68043991193483,0.0649540960817758,0.614362258811259,25901,9,279,2.02552796472499,0.0339411133274761,0.627360814057039
"GO:0010586","miRNA metabolic process",0.0145749144693224,5,2.33370875100293,0.0650188999605869,0.614362258811259,125573,3,59,3.19278136812584,0.0674355254808122,0.627360814057039
"GO:0141188","nucleic acid catabolic process",0.0244362612440604,7,1.94870431050994,0.0701766489265786,0.648090603045119,142205,4,158,1.58965485839177,0.244070289283768,0.818118519946435
"GO:0031669","cellular response to nutrient levels",0.0196959081415465,6,2.07232518740857,0.0717678879570801,0.648090603045119,48773,3,121,1.55681074974731,0.303238923226534,0.838347505834824
"GO:0017157","regulation of exocytosis",0.0151081875908297,5,2.25133592217391,0.0732839080364313,0.648090603045119,23859,4,93,2.70070395296666,0.0607863663984892,0.627360814057039
"GO:0043409","negative regulation of MAPK cascade",0.015164414810781,5,2.24298832936139,0.0741874772384261,0.648090603045119,13768,5,81,3.87601030286882,0.00928118999194671,0.627360814057039
"GO:0044419","biological process involved in interspecies interaction between organisms",0.151140206114821,29,1.30527089141822,0.0775119804337749,0.664593461867367,488965,12,740,1.01823838226716,0.518352662300175,0.951745766037005
"GO:0044703","multi-organism reproductive process",0.0202986905034661,6,2.01078618956443,0.0802381615910528,0.665425871627214,31900,4,100,2.51165467625899,0.0751255371100571,0.638766474128187
"GO:0034655","nucleobase-containing compound catabolic process",0.0410194172070789,10,1.65841485608952,0.081648323109719,0.665425871627214,99976,7,255,1.72368458174637,0.112341613059962,0.648122896297045
"GO:0006281","DNA repair",0.0357177880565858,9,1.71411761833974,0.0819206796603698,0.665425871627214,5733,8,267,1.88138927060599,0.063013943409539,0.627360814057039
"GO:0031329","regulation of cellular catabolic process",0.0362919033910105,9,1.68700134397149,0.0882898410787438,0.704796489990662,31837,7,225,1.95350919264588,0.0677495479543239,0.627360814057039
"GO:0042176","regulation of protein catabolic process",0.0311892831804241,8,1.74488680591546,0.0904296078826725,0.709642516096227,202325,7,179,2.45552831477834,0.0240937276552606,0.627360814057039
"GO:0140694","non-membrane-bounded organelle assembly",0.0322637986357151,8,1.68677499267676,0.104451771292806,0.806019501809487,54128,5,196,1.60182058434885,0.202505060776446,0.76589990239777
"GO:0016071","mRNA metabolic process",0.0492261562828938,11,1.52012542971576,0.110659909948806,0.839926857480283,61058,7,310,1.4178695753075,0.22455418445928,0.79575536395267
"GO:0050680","negative regulation of epithelial cell proliferation",0.0186398768313969,5,1.82477629813972,0.141302060492796,0.999999999999969,71798,3,75,2.51165467625899,0.117131345027621,0.648122896297045
"GO:0006402","mRNA catabolic process",0.0186682118083803,5,1.82200661698663,0.141934011946531,0.999999999999969,111085,3,115,1.63803565842978,0.277110314607146,0.819120233484469
"GO:0051129","negative regulation of cellular component organization",0.06381933353035,13,1.38571447330461,0.14657874882388,0.999999999999969,70999,10,359,1.74906314502715,0.0602534170126805,0.627360814057039
"GO:0031331","positive regulation of cellular catabolic process",0.0190786262406237,5,1.78281208579643,0.151225504334372,0.999999999999969,5747,4,110,2.28332243296272,0.0982857587744052,0.648122896297045
"GO:0045055","regulated exocytosis",0.0192905851504798,5,1.76322310478648,0.15612302044442,0.999999999999969,23859,4,111,2.26275196059369,0.100767142068785,0.648122896297045
"GO:0043687","post-translational protein modification",0.0710990982614942,14,1.33951199898233,0.162780463477773,0.999999999999969,59411,14,444,1.97990796551948,0.011000895115908,0.627360814057039
"GO:0006950","response to stress",0.301210545481512,50,1.12923023288587,0.173524581460291,0.999999999999969,277571,34,1791,1.19201924892247,0.14632927687159,0.657771409626661
"GO:0019693","ribose phosphate metabolic process",0.0256383947792805,6,1.59200007964608,0.177504654000398,0.999999999999969,15678,5,152,2.06550549034457,0.0950893234318235,0.648122896297045
"GO:0009056","catabolic process",0.178748767262476,31,1.17978074462372,0.180426340700293,0.999999999999969,94559,27,1205,1.40694349085047,0.0394692572879529,0.627360814057039
"GO:0048709","oligodendrocyte differentiation",0.0258996078483459,6,1.57594380461707,0.183175584186316,0.999999999999969,39568,4,72,3.48840927258193,0.0275421753480904,0.627360814057039
"GO:0006396","RNA processing",0.0609524094138534,12,1.33928508891186,0.186863247389055,0.999999999999969,61624,7,374,1.17523948755434,0.386368276349428,0.872626887559927
"GO:0043408","regulation of MAPK cascade",0.0685441909423262,13,1.29019502504699,0.20900050851719,0.999999999999969,62459,10,357,1.75886181810854,0.0584621673636287,0.627360814057039
"GO:0016236","macroautophagy",0.0272942199967459,6,1.49542014886223,0.214619628780817,0.999999999999969,4998,5,163,1.92611554927837,0.118505818929945,0.648122896297045
"GO:0006974","DNA damage response",0.0569086982845164,11,1.31491202976872,0.216731915719483,0.999999999999969,5418,11,414,1.6683696521044,0.0657725901011317,0.627360814057039
"GO:0032868","response to insulin",0.0274975455933023,6,1.48436253672597,0.219356035096175,0.999999999999969,15421,5,140,2.24254881808839,0.072572798670465,0.638766474128187
"GO:0021782","glial cell development",0.0220903243801447,5,1.53975128915486,0.226324741410725,0.999999999999969,40229,3,77,2.44641689246006,0.12410595064693,0.648122896297045
"GO:0072657","protein localization to membrane",0.0517507363220093,10,1.31451677249705,0.231606273192125,0.999999999999969,61115,7,302,1.45542903425604,0.206163991803595,0.76589990239777
"GO:0006955","immune response",0.165287107474789,28,1.15239593327171,0.23470135085853,0.999999999999969,507140,11,783,0.882126482721868,0.713162490052232,0.972182844674824
"GO:0071214","cellular response to abiotic stimulus",0.0228995314767282,5,1.48534067069203,0.248189339325104,0.999999999999969,3884,5,154,2.03868074371672,0.0991544683397454,0.648122896297045
"GO:0104004","cellular response to environmental stimulus",0.0228995314767282,5,1.48534067069203,0.248189339325104,0.999999999999969,3884,5,154,2.03868074371672,0.0991544683397454,0.648122896297045
"GO:0009605","response to external stimulus",0.205750118708058,34,1.12414281196594,0.249791870213968,0.999999999999969,448143,17,1100,0.970412034009156,0.592030111646425,0.972182844674824
"GO:0031334","positive regulation of protein-containing complex assembly",0.0229935017714895,5,1.47927035125862,0.250764390994187,0.999999999999969,37924,4,92,2.7300594307163,0.0588684639273163,0.627360814057039
"GO:0070925","organelle assembly",0.0776231160284102,14,1.22692955540767,0.251546363755922,0.999999999999969,47204,10,467,1.34456888450696,0.210037163461879,0.76589990239777
"GO:0008380","RNA splicing",0.0288525330473272,6,1.41465314201913,0.251777852590818,0.999999999999969,19370,4,184,1.36502971535815,0.336819545404422,0.861588118907443
"GO:0033554","cellular response to stress",0.134757055243244,23,1.16107156505899,0.25242102536852,0.999999999999969,16305,21,885,1.48996463845872,0.0403062607447742,0.627360814057039
"GO:0016311","dephosphorylation",0.0231252151410606,5,1.47084492986113,0.254385346558255,0.999999999999969,122920,3,113,1.66702743999491,0.268450345609595,0.819120233484469
"GO:0070647","protein modification by small protein conjugation or removal",0.0657979118450165,12,1.24065719978327,0.261563910220702,0.999999999999969,66920,13,416,1.96223021582734,0.0151095816329387,0.627360814057039
"GO:0009117","nucleotide metabolic process",0.0352897749472316,7,1.34937238025042,0.263485968618849,0.999999999999969,141160,6,207,1.82003962047753,0.11258928192403,0.648122896297045
"GO:0044248","cellular catabolic process",0.0789476655188787,14,1.20634466658575,0.271585307005419,0.999999999999969,39190,12,533,1.41368931121519,0.141798786396609,0.656528381016299
"GO:0044087","regulation of cellular component biogenesis",0.0987247046687409,17,1.17140141255868,0.282565095896312,0.999999999999969,60070,13,504,1.61961859084161,0.05787221439333,0.627360814057039
"GO:0048754","branching morphogenesis of an epithelial tube",0.0243007846353587,5,1.39969165409933,0.287237027747325,0.999999999999969,59102,3,94,2.00397979488749,0.188670033504108,0.734069121952957
"GO:0031667","response to nutrient levels",0.0427622396585635,8,1.27265945708212,0.293966598405947,0.999999999999969,37924,5,251,1.25082404196165,0.370572629766986,0.870939733919363
"GO:0043434","response to peptide hormone",0.0436498106758667,8,1.24678132309912,0.313138508630267,0.999999999999969,20147,7,229,1.91938676133329,0.0729478679285276,0.638766474128187
"GO:0006163","purine nucleotide metabolic process",0.031448725313428,6,1.29786902724431,0.317140467252341,0.999999999999969,164576,5,184,1.70628714419769,0.169837989566438,0.708423325849197
"GO:0040029","epigenetic regulation of gene expression",0.0253727543700614,5,1.34055628908429,0.317852046076517,0.999999999999969,91334,4,122,2.0587333411959,0.129906408309236,0.653517229989487
"GO:0036211","protein modification process",0.225760589367521,36,1.08476842601167,0.319026736048167,0.999999999999969,60926,28,1292,1.36080361716818,0.0519487977163725,0.627360814057039
"GO:0016567","protein ubiquitination",0.0504306141716945,9,1.21403418938099,0.324032118592889,0.999999999999969,26154,10,335,1.87436916138731,0.0410530624694317,0.627360814057039
"GO:0050878","regulation of body fluid levels",0.0383621276468576,7,1.24130361218242,0.334811739555095,0.999999999999969,11937,7,196,2.24254881808839,0.0368906589681568,0.627360814057039
"GO:0006091","generation of precursor metabolites and energy",0.0384062903648903,7,1.23987625898333,0.335861535767086,0.999999999999969,131923,5,207,1.51669968373128,0.234160047212388,0.809075387009967
"GO:0051603","proteolysis involved in protein catabolic process",0.0519926904614063,9,1.17755956178811,0.356373008125337,0.999999999999969,181362,8,346,1.45182351228844,0.186476147982186,0.731893354421068
"GO:0051668","localization within membrane",0.0584142153037653,10,1.16456603124084,0.356649701023857,0.999999999999969,61115,7,351,1.25224948246531,0.326191382885418,0.853257685174851
"GO:0080135","regulation of cellular response to stress",0.0395547424007473,7,1.20387707589136,0.363310173939565,0.999999999999969,4113,8,249,2.01739331426425,0.045195056778161,0.627360814057039
"GO:0043410","positive regulation of MAPK cascade",0.0526105257798483,9,1.1637308102967,0.369294673801138,0.999999999999969,86600,6,269,1.40055093471691,0.257786187812552,0.818118519946435
"GO:0042552","myelination",0.0272379927767945,5,1.24875594618539,0.371940009585422,0.999999999999969,40229,3,86,2.19039651999331,0.157221178036209,0.688735123856074
"GO:0006887","exocytosis",0.0272499465952094,5,1.24820815054942,0.37228808390653,0.999999999999969,23859,4,170,1.47744392721117,0.286324429164318,0.823405035422851
"GO:0072659","protein localization to plasma membrane",0.0276033590229746,5,1.2322270421461,0.382579184806341,0.999999999999969,37498,4,159,1.57965702909371,0.247538044661556,0.818118519946435
"GO:0007272","ensheathment of neurons",0.0276324687844848,5,1.23092893752856,0.383426752395818,0.999999999999969,40229,3,88,2.14061478090255,0.164924213630002,0.694922027918161
"GO:0008366","axon ensheathment",0.0276324687844848,5,1.23092893752856,0.383426752395818,0.999999999999969,40229,3,88,2.14061478090255,0.164924213630002,0.694922027918161
"GO:0010562","positive regulation of phosphorus metabolic process",0.0535320766328307,9,1.14369726801089,0.38865900758001,0.999999999999969,35783,7,267,1.64621561178024,0.133701319729992,0.653517229989487
"GO:0045937","positive regulation of phosphate metabolic process",0.0535320766328307,9,1.14369726801089,0.38865900758001,0.999999999999969,35783,7,267,1.64621561178024,0.133701319729992,0.653517229989487
"GO:0050807","regulation of synapse organization",0.0407080645107734,7,1.1697693857797,0.391064140015253,0.999999999999969,114955,5,187,1.67891355364906,0.177800996784354,0.726835317483796
"GO:0050803","regulation of synapse structure or activity",0.0407417122959411,7,1.16880329607039,0.391875236022276,0.999999999999969,114955,5,188,1.66998316240625,0.180486747290336,0.726835317483796
"GO:0071375","cellular response to peptide hormone stimulus",0.0280063576604606,5,1.21449586035235,0.394308848718613,0.999999999999969,28404,4,163,1.5408924394227,0.261515207239897,0.818118519946435
"GO:0030163","protein catabolic process",0.0744545793639462,12,1.09640876032877,0.413826987686929,0.999999999999969,136243,11,469,1.47271862680431,0.127391176855562,0.648155108616761
"GO:0000165","MAPK cascade",0.0817080014211762,13,1.08233431991325,0.425287476289134,0.999999999999969,62459,10,412,1.52406230355521,0.120991583185595,0.648122896297045
"GO:0043412","macromolecule modification",0.236500652479255,36,1.03550648430095,0.436755289133803,0.999999999999969,65641,29,1367,1.33207727892302,0.060566798751316,0.627360814057039
"GO:0061138","morphogenesis of a branching epithelium",0.0295372212020893,5,1.15155062182258,0.438643500542349,0.999999999999969,59102,3,111,1.69706397044527,0.259824013965941,0.818118519946435
"GO:0010498","proteasomal protein catabolic process",0.037198733337982,6,1.09725044021691,0.467145544614283,0.999999999999969,269525,5,247,1.2710803017505,0.357849146293462,0.870939733919363
"GO:0051052","regulation of DNA metabolic process",0.0374164477900378,6,1.09086588763457,0.472749029601798,0.999999999999969,2605,6,232,1.62391466137435,0.16510026581209,0.694922027918161
"GO:0030100","regulation of endocytosis",0.0313472285404056,5,1.08505941437006,0.490086277204321,0.999999999999969,343039,4,142,1.76877089877394,0.190406002654212,0.734649826907503
"GO:0001763","morphogenesis of a branching structure",0.031802248424697,5,1.06953461239434,0.502771215321626,0.999999999999969,59102,3,126,1.49503254539226,0.325107844321343,0.853257685174851
"GO:0006753","nucleoside phosphate metabolic process",0.0457228020193098,7,1.04147264638193,0.510592126970385,0.999999999999969,141160,6,284,1.32657817408045,0.298892268555654,0.838347505834824
"GO:0033043","regulation of organelle organization",0.107878894537437,16,1.0089419054734,0.52405698357118,0.999999999999969,28290,13,581,1.4049703438626,0.134091008313178,0.653517229989487
"GO:0045934","negative regulation of nucleobase-containing compound metabolic process",0.16302174820167,24,1.00149402103379,0.531311812222399,0.999999999999969,69595,20,768,1.63519184652278,0.0190068000660701,0.627360814057039
"GO:0032446","protein modification by small protein conjugation",0.0603927936184319,9,1.01377144734753,0.531793375808157,0.999999999999969,26154,10,375,1.67443645083933,0.0758793867754866,0.638766474128187
"GO:0044089","positive regulation of cellular component biogenesis",0.0606098439694646,9,1.01014102307809,0.536180864660132,0.999999999999969,29128,7,262,1.67763194024933,0.124566852369182,0.648122896297045
"GO:0000122","negative regulation of transcription by RNA polymerase II",0.123694128350805,18,0.989933647008396,0.555715985329343,0.999999999999969,74905,14,484,1.81627920803853,0.0217854671790028,0.627360814057039
"GO:0055086","nucleobase-containing small molecule metabolic process",0.0478519098992005,7,0.995133688903046,0.559148088967697,0.999999999999969,141160,6,297,1.26851246275707,0.335495476917442,0.861588118907443
"GO:0072521","purine-containing compound metabolic process",0.0410050283515795,6,0.99539808095365,0.562213736596733,0.999999999999969,164576,5,251,1.25082404196165,0.370572629766986,0.870939733919363
"GO:2000146","negative regulation of cell motility",0.0340230022457683,5,0.99972381027625,0.562794698779383,0.999999999999969,22730,5,150,2.09304556354916,0.0911119987392757,0.648122896297045
"GO:0006259","DNA metabolic process",0.0689963330555177,10,0.985954004680449,0.564823526428971,0.999999999999969,5169,9,460,1.22852674382233,0.310917109040288,0.842244703805066
"GO:0007411","axon guidance",0.0342507888966736,5,0.993075095139785,0.568750760366162,0.999999999999969,333953,4,159,1.57965702909371,0.247538044661556,0.818118519946435
"GO:0050808","synapse organization",0.0694547841284283,10,0.979446005599343,0.573391482089044,0.999999999999969,225983,8,331,1.51761611858549,0.157680179543723,0.688735123856074
"GO:0031324","negative regulation of cellular metabolic process",0.23494798428737,34,0.984441376283118,0.57341569538786,0.999999999999969,76364,27,1209,1.40228859096346,0.0409059902209472,0.627360814057039
"GO:0050804","modulation of chemical synaptic transmission",0.0557868102895813,8,0.975531105381137,0.579382098843259,0.999999999999969,260638,6,276,1.36502971535815,0.276784979343645,0.819120233484469
"GO:0099177","regulation of trans-synaptic signaling",0.0558017525625998,8,0.975269883260947,0.579688822468855,0.999999999999969,260638,6,277,1.36010181024855,0.27952699112429,0.819120233484469
"GO:0097485","neuron projection guidance",0.0346734891978434,5,0.980968637107695,0.579694366108299,0.999999999999969,333953,4,160,1.56978417266187,0.251016804388887,0.818118519946435
"GO:0022604","regulation of cell morphogenesis",0.035014062339163,5,0.971426997321954,0.588405869555897,0.999999999999969,23210,5,151,2.07918433465148,0.0930896233833731,0.648122896297045
"GO:0120031","plasma membrane bounded cell projection assembly",0.0566012195108453,8,0.961494631702331,0.595950918446623,0.999999999999969,303702,5,287,1.09392625272604,0.483880088843583,0.933485338060745
"GO:0000226","microtubule cytoskeleton organization",0.0497822302061923,7,0.956547093647974,0.601298083329588,0.999999999999969,109380,5,314,0.999862530357879,0.564234495408308,0.972182844674824
"GO:1901698","response to nitrogen compound",0.0920448445284163,13,0.960785740936939,0.601670217251787,0.999999999999969,19614,12,536,1.40577687104048,0.145886619475233,0.657771409626661
"GO:0005975","carbohydrate metabolic process",0.0429737558344042,6,0.949796584871347,0.608216915529966,0.999999999999969,153376,5,262,1.19830852874952,0.405556907287822,0.877627610933579
"GO:0042327","positive regulation of phosphorylation",0.0505805903193994,7,0.941449028537417,0.618126392759579,0.999999999999969,45344,5,247,1.2710803017505,0.357849146293462,0.870939733919363
"GO:0019941","modification-dependent protein catabolic process",0.0434180394188231,6,0.940077605459935,0.618234363639905,0.999999999999969,3894,6,286,1.31730140363234,0.304475078745921,0.838347505834824
"GO:0051090","regulation of DNA-binding transcription factor activity",0.0362679957541808,5,0.937840780414671,0.6196264344016,0.999999999999969,37832,4,178,1.41104195295449,0.315079040232388,0.843246217500553
"GO:0043632","modification-dependent macromolecule catabolic process",0.0436428376151247,6,0.935235396253591,0.623248924851429,0.999999999999969,3894,6,289,1.30362699459809,0.312885721499938,0.842244703805066
"GO:0030031","cell projection assembly",0.0580209568146173,8,0.937967446510162,0.624067829599018,0.999999999999969,303702,5,295,1.06426045604195,0.508264656162365,0.951745766037005
"GO:0007416","synapse assembly",0.0367168173622571,5,0.926376736485363,0.630461538042124,0.999999999999969,127418,4,148,1.69706397044527,0.210084854437401,0.76589990239777
"GO:0034329","cell junction assembly",0.0583873192123319,8,0.932081990433098,0.631155738883679,0.999999999999969,285120,6,273,1.38003004190055,0.268599415094569,0.819120233484469
"GO:0040013","negative regulation of locomotion",0.0368621448028007,5,0.922724535540118,0.633930343264881,0.999999999999969,22730,5,164,1.91437094227057,0.120759907362151,0.648122896297045
"GO:0033365","protein localization to organelle",0.0801458144479605,11,0.933672363157242,0.63758590531426,0.999999999999969,33621,10,441,1.4238405194212,0.164901899657569,0.694922027918161
"GO:0042063","gliogenesis",0.0594792119777261,8,0.914971246220663,0.651850243645919,0.999999999999969,99920,5,216,1.45350386357581,0.261043691377395,0.818118519946435
"GO:1902533","positive regulation of intracellular signal transduction",0.102527457810215,14,0.928903313046021,0.654310290183689,0.999999999999969,74104,10,562,1.11728410865614,0.405642135507097,0.877627610933579
"GO:0010001","glial cell differentiation",0.0456183167916837,6,0.894735479105909,0.665685309276558,0.999999999999969,39568,4,168,1.49503254539226,0.27919645442688,0.819120233484469
"GO:0009890","negative regulation of biosynthetic process",0.216939999579403,30,0.940728464316074,0.678446240434879,0.999999999999969,79127,23,1087,1.32861217925384,0.0929195026432454,0.648122896297045
"GO:0010558","negative regulation of macromolecule biosynthetic process",0.210476747056096,29,0.937295517552102,0.683865934871319,0.999999999999969,81747,22,1050,1.31562863994519,0.107296930649665,0.648122896297045
"GO:0009892","negative regulation of metabolic process",0.259753264333237,36,0.942809938548046,0.689078135995489,0.999999999999969,109102,30,1378,1.36701089056186,0.0422725366614888,0.627360814057039
"GO:1901699","cellular response to nitrogen compound",0.0542636945932215,7,0.87754893904692,0.690569649359006,0.999999999999969,20320,6,321,1.17367040946682,0.404169696865063,0.877627610933579
"GO:0051130","positive regulation of cellular component organization",0.119495681683098,16,0.910857496119558,0.691906639804753,0.999999999999969,45788,13,569,1.43460064988431,0.119586536313483,0.648122896297045
"GO:0007017","microtubule-based process",0.0691448703176727,9,0.885452377228192,0.693845732415762,0.999999999999969,113090,6,459,0.820802181783985,0.74650858610289,0.973287696900205
"GO:0045892","negative regulation of DNA-templated transcription",0.14919693583788,20,0.91191163548122,0.706777867114162,0.999999999999969,68553,16,661,1.51991205825052,0.0602918203413072,0.627360814057039
"GO:0043086","negative regulation of catalytic activity",0.0401640550893935,5,0.846866815775261,0.707297028961333,0.999999999999969,19673,4,192,1.30815347721823,0.365899301000505,0.870939733919363
"GO:1902679","negative regulation of RNA biosynthetic process",0.149613991280354,20,0.909369642534049,0.71157778064695,0.999999999999969,68553,16,669,1.50173672721016,0.0657322731270923,0.627360814057039
"GO:0032870","cellular response to hormone stimulus",0.0632538515092249,8,0.860370829743801,0.718081808432581,0.999999999999969,40822,6,324,1.16280309086064,0.412768380180242,0.880699354946784
"GO:0051253","negative regulation of RNA metabolic process",0.157731851502584,21,0.90569622746616,0.722816646257467,0.999999999999969,78904,17,722,1.47846708782558,0.0660472832901583,0.627360814057039
"GO:0043254","regulation of protein-containing complex assembly",0.0410791862991532,5,0.828000953925372,0.725730434240824,0.999999999999969,37924,4,195,1.28802803910718,0.376801274391153,0.871027893944457
"GO:0060562","epithelial tube morphogenesis",0.0411708322403337,5,0.826157830466561,0.727530405465401,0.999999999999969,59102,3,185,1.01823838226716,0.568689025503215,0.972182844674824
"GO:0031327","negative regulation of cellular biosynthetic process",0.214934967907318,29,0.917853960597488,0.72889893504217,0.999999999999969,81747,22,1072,1.28862879845377,0.125985012239166,0.648122896297045
"GO:0048608","reproductive structure development",0.0416299474142673,5,0.817046562747274,0.736421489242086,0.999999999999969,35913,4,153,1.64160436356797,0.226910354060395,0.79575536395267
"GO:0061458","reproductive system development",0.0416299474142673,5,0.817046562747274,0.736421489242086,0.999999999999969,35913,4,153,1.64160436356797,0.226910354060395,0.79575536395267
"GO:0051128","regulation of cellular component organization",0.23028411348601,31,0.915757281512638,0.740964065863476,0.999999999999969,93370,26,1248,1.30815347721823,0.088014181148238,0.648122896297045
"GO:0045859","regulation of protein kinase activity",0.0421881243241389,5,0.80623649396793,0.746948079114911,0.999999999999969,32033,4,216,1.16280309086064,0.452288239107758,0.914451767279004
"GO:0044283","small molecule biosynthetic process",0.0423320128791325,5,0.803496057210731,0.749611447202428,0.999999999999969,68472,4,297,0.845674975171378,0.70181254271635,0.972182844674824
"GO:0030001","metal ion transport",0.0729333452871517,9,0.83945813200898,0.752168496265296,0.999999999999969,9928,7,451,0.974588843337747,0.583027810728816,0.972182844674824
"GO:0050678","regulation of epithelial cell proliferation",0.0425229419232587,5,0.799888340358984,0.753113838042289,0.999999999999969,71798,3,196,0.961092350609308,0.608115507012533,0.972182844674824
"GO:0032103","positive regulation of response to external stimulus",0.0504250799965024,6,0.809444953452595,0.755869888116419,0.999999999999969,87371,6,289,1.30362699459809,0.312885721499938,0.842244703805066
"GO:0006338","chromatin remodeling",0.0732735863779598,9,0.835560163250509,0.757015467247985,0.999999999999969,51938,8,410,1.22519740305317,0.329233401454265,0.856376768951262
"GO:0006511","ubiquitin-dependent protein catabolic process",0.0430573218798044,5,0.789961009120046,0.762724899433973,0.999999999999969,2237,5,280,1.12127440904419,0.46222412345754,0.914571663080518
"GO:0031401","positive regulation of protein modification process",0.0661362713162593,8,0.82287325282131,0.762777475526035,0.999999999999969,20350,7,307,1.43172497832353,0.217589100914478,0.787060575964087
"GO:0030162","regulation of proteolysis",0.0509941038897504,6,0.800412663763196,0.765282263999909,0.999999999999969,269525,5,279,1.12529331373611,0.459109247806992,0.914571663080518
"GO:0009725","response to hormone",0.0891844507386464,11,0.839046844523123,0.769810946718891,0.999999999999969,31430,9,453,1.24751060079089,0.295453303094451,0.834115117882504
"GO:1901135","carbohydrate derivative metabolic process",0.0820130451577627,10,0.829468174892111,0.77371320317671,0.999999999999969,99383,8,447,1.1237828529123,0.419501431097793,0.886780112677277
"GO:0007169","cell surface receptor protein tyrosine kinase signaling pathway",0.0669479134499273,8,0.812897159941914,0.774422816166233,0.999999999999969,82926,6,332,1.13478373927364,0.435637443752878,0.889416784810176
"GO:0009967","positive regulation of signal transduction",0.14835729077774,19,0.87121906852498,0.775309615003468,0.999999999999969,68626,13,805,1.01402207426605,0.52212402715637,0.951745766037005
"GO:0010605","negative regulation of macromolecule metabolic process",0.2419449526662,32,0.899738028965063,0.781276848621179,0.999999999999969,117247,26,1259,1.29672401871989,0.0953236416319576,0.648122896297045
"GO:0010638","positive regulation of organelle organization",0.0523848421155159,6,0.779162919697391,0.787167628664624,0.999999999999969,35073,4,246,1.02099783587764,0.554357680911883,0.968557004763026
"GO:0010629","negative regulation of gene expression",0.0911613688007553,11,0.820851342593806,0.793765345310921,0.999999999999969,94775,8,511,0.983035098340115,0.572089887852078,0.972182844674824
"GO:0010467","gene expression",0.459648447055099,63,0.932389593214604,0.798980161480318,0.999999999999969,82101,52,2798,1.16695892749703,0.102808420807843,0.648122896297045
"GO:0019637","organophosphate metabolic process",0.0766462234235072,9,0.79879330071651,0.801547202516738,0.999999999999969,110417,8,470,1.06878922394,0.47565988110385,0.92925295318833
"GO:0022414","reproductive process",0.144171240662463,18,0.849330137059146,0.805270676376974,0.999999999999969,80491,13,725,1.12591416521955,0.369415861528378,0.870939733919363
"GO:0044092","negative regulation of molecular function",0.069535140352217,8,0.782651310284553,0.808805875637164,0.999999999999969,14373,7,335,1.31205841297112,0.285335236760128,0.823405035422851
"GO:0002376","immune system process",0.231378884022504,30,0.882023584456445,0.810245904559694,0.999999999999969,473586,13,1173,0.695897501947291,0.945280048367225,0.990687728802975
"GO:0006325","chromatin organization",0.0851267934878254,10,0.799128078212917,0.811461468834053,0.999999999999969,55579,9,479,1.17979603790871,0.353738939225575,0.870939733919363
"GO:0006139","nucleobase-containing compound metabolic process",0.41416106884846,56,0.919816973651307,0.815975477657496,0.999999999999969,80010,48,2510,1.20079108028318,0.0792441762929839,0.643685151292132
"GO:0034330","cell junction organization",0.0934552844178656,11,0.80070305749863,0.819284254257337,0.999999999999969,210173,9,476,1.18723172722326,0.346910521415482,0.870939733919363
"GO:0032880","regulation of protein localization",0.0868314301304848,10,0.783439945445178,0.830069260761268,0.999999999999969,31636,8,429,1.17093458100652,0.375354147412044,0.871027893944457
"GO:0016310","phosphorylation",0.117372550712414,14,0.811417104425439,0.83164425464881,0.999999999999969,30493,10,663,0.947079440519982,0.618437762841072,0.972182844674824
"GO:0071407","cellular response to organic cyclic compound",0.0477315969305251,5,0.712601455419244,0.835147037471549,0.999999999999969,37465,4,274,0.916662290605472,0.639932894145979,0.972182844674824
"GO:0001934","positive regulation of protein phosphorylation",0.0477317076140289,5,0.712599802990913,0.835148515428653,0.999999999999969,29213,4,232,1.08260977424957,0.507848325540154,0.951745766037005
"GO:0051051","negative regulation of transport",0.0478421697508625,5,0.710954490971089,0.836618197361958,0.999999999999969,12754,4,210,1.19602603631381,0.430940659508396,0.886780112677277
"GO:0043065","positive regulation of apoptotic process",0.0481267370392384,5,0.706750707292811,0.840355600896198,0.999999999999969,58706,2,281,0.446913643462454,0.941871949380472,0.990687728802975
"GO:0019538","protein metabolic process",0.369844943479469,49,0.901278601235865,0.841949228653156,0.999999999999969,79903,41,2163,1.19022008468121,0.116502783980271,0.648122896297045
"GO:0048732","gland development",0.0564969556502268,6,0.722451786310513,0.842895966094043,0.999999999999969,32456,5,257,1.22162192425048,0.38966622803958,0.873696012848822
"GO:0019220","regulation of phosphate metabolic process",0.088225931595381,10,0.771056872443558,0.844238307521311,0.999999999999969,33682,8,437,1.14949870767002,0.394955878886091,0.874950104900767
"GO:0050673","epithelial cell proliferation",0.0484878973122725,5,0.70148650132469,0.844998816080414,0.999999999999969,71798,3,240,0.784892086330935,0.741040823374696,0.972182844674824
"GO:0010256","endomembrane system organization",0.0485474450373391,5,0.700626066233066,0.845753723727677,0.999999999999969,72521,3,271,0.695107382728503,0.811437742758619,0.990687728802975
"GO:0009059","macromolecule biosynthetic process",0.494703905024699,67,0.921323458933307,0.847642801120994,0.999999999999969,78990,56,3023,1.16318774289202,0.0940596563677261,0.648122896297045
"GO:0007276","gamete generation",0.0729657755537772,8,0.745853357885205,0.848158291573431,0.999999999999969,134666,5,353,0.889396131819757,0.668135476006324,0.972182844674824
"GO:0051174","regulation of phosphorus metabolic process",0.0886715433818459,10,0.767181987477182,0.848570407769349,0.999999999999969,33682,8,438,1.1468742813968,0.397409556931038,0.87619345170986
"GO:0002009","morphogenesis of an epithelium",0.0580168615249752,6,0.703525241761683,0.86028818659021,0.999999999999969,237982,5,262,1.19830852874952,0.405556907287822,0.877627610933579
"GO:0043068","positive regulation of programmed cell death",0.0499174854478863,5,0.681396611567843,0.862308301747228,0.999999999999969,58706,2,293,0.42861001301348,0.950636241155833,0.990687728802975
"GO:0030335","positive regulation of cell migration",0.0584321460313876,6,0.698525200643618,0.864758187818759,0.999999999999969,150746,5,292,1.0751946388095,0.499170354099873,0.951745766037005
"GO:0090304","nucleic acid metabolic process",0.388285922054463,51,0.89351366043485,0.867571265615913,0.999999999999969,72500,42,2265,1.16434322740483,0.145158037752425,0.657771409626661
"GO:0048609","multicellular organismal reproductive process",0.090885434825679,10,0.748494090552925,0.868729562408795,0.999999999999969,116956,7,434,1.0127639823625,0.541650639115658,0.957191778284541
"GO:0007417","central nervous system development",0.152038845482508,18,0.805379567328564,0.869140883132055,0.999999999999969,145249,13,609,1.34037400621375,0.171579347633113,0.709296767447601
"GO:0042325","regulation of phosphorylation",0.0761612083096747,8,0.714560206111775,0.878824438852357,0.999999999999969,41523,6,383,0.983676766158874,0.575451928896438,0.972182844674824
"GO:2000147","positive regulation of cell motility",0.0602591986292955,6,0.677345989642303,0.883053638336727,0.999999999999969,150746,5,308,1.01934037185836,0.546887525570819,0.959124713406398
"GO:1902532","negative regulation of intracellular signal transduction",0.0603919081504012,6,0.675857540863959,0.884298351271214,0.999999999999969,14226,6,329,1.14513131136428,0.427074720828502,0.886780112677277
"GO:0060341","regulation of cellular localization",0.0932203033392106,10,0.729746723058987,0.887633633150105,0.999999999999969,31636,8,488,1.02936667059795,0.518786833196109,0.951745766037005
"GO:2000145","regulation of cell motility",0.108944112578405,12,0.749307614052799,0.887687412590876,0.999999999999969,87518,11,533,1.29588186861393,0.228586314051199,0.79575536395267
"GO:0040017","positive regulation of locomotion",0.0613142337879105,6,0.665690884628817,0.892647034658035,0.999999999999969,150746,5,315,0.996688363594838,0.567093807130131,0.972182844674824
"GO:0043549","regulation of kinase activity",0.0531133609377992,5,0.640396405755795,0.895255158751586,0.999999999999969,32033,4,233,1.07796338036867,0.511241815782752,0.951745766037005
"GO:0009968","negative regulation of signal transduction",0.125858433584917,14,0.756708092778208,0.897032390618615,0.999999999999969,26100,12,692,1.08886763421633,0.423170181335075,0.886780112677277
"GO:1901137","carbohydrate derivative biosynthetic process",0.0543084107287734,5,0.626304562879723,0.905718112368692,0.999999999999969,18840,3,279,0.675175988241665,0.826770995309792,0.990687728802975
"GO:0008104","protein localization",0.210708739680147,25,0.807123745645508,0.907529004928729,0.999999999999969,43716,21,1208,1.09157177569203,0.367573014662741,0.870939733919363
"GO:0006508","proteolysis",0.135340800042502,15,0.753954582021724,0.907534848523782,0.999999999999969,145017,15,727,1.29555777661227,0.180531450346947,0.726835317483796
"GO:0030334","regulation of cell migration",0.104192801809011,11,0.718187155672758,0.90850947175707,0.999999999999969,94164,10,499,1.25834402618186,0.271776253050475,0.819120233484469
"GO:0006812","monoatomic cation transport",0.0881518843313111,9,0.694534101685353,0.908674295615797,0.999999999999969,8645,8,534,0.940694635302994,0.622681298412907,0.972182844674824
"GO:0070727","cellular macromolecule localization",0.211363764655879,25,0.804622436053651,0.910632878723365,0.999999999999969,43716,21,1215,1.08528288480327,0.378135219617356,0.871027893944457
"GO:0040012","regulation of locomotion",0.112638727936627,12,0.724729891366962,0.911643509769534,0.999999999999969,87518,11,560,1.23340184994861,0.278945402234317,0.819120233484469
"GO:0048667","cell morphogenesis involved in neuron differentiation",0.0805513588060349,8,0.67561577500547,0.912558247269958,0.999999999999969,237309,7,383,1.14762289385202,0.410091811312517,0.880699354946784
"GO:0051247","positive regulation of protein metabolic process",0.10524650876558,11,0.710996809779799,0.914873008028629,0.999999999999969,16150,10,552,1.13752476279846,0.383819406853934,0.872626887559927
"GO:0023056","positive regulation of signaling",0.167950373944218,19,0.769582690677433,0.917839902206257,0.999999999999969,68626,13,912,0.895052379149312,0.705667940955471,0.972182844674824
"GO:0031399","regulation of protein modification process",0.0983412970114347,10,0.691746122449898,0.921431317625465,0.999999999999969,17767,9,488,1.15803750442269,0.374333106346673,0.871027893944457
"GO:0007268","chemical synaptic transmission",0.0820359566430579,8,0.663389212906659,0.922012585402571,0.999999999999969,260638,6,408,0.923402454506983,0.637587062219923,0.972182844674824
"GO:0098916","anterograde trans-synaptic signaling",0.0820359566430579,8,0.663389212906659,0.922012585402571,0.999999999999969,260638,6,408,0.923402454506983,0.637587062219923,0.972182844674824
"GO:0010647","positive regulation of cell communication",0.168942651556155,19,0.765062578867541,0.922450654327492,0.999999999999969,68626,13,906,0.900979878348976,0.696542515710289,0.972182844674824
"GO:0006796","phosphate-containing compound metabolic process",0.191835320655645,22,0.78014759447884,0.923357786276159,0.999999999999969,86443,16,1123,0.894623215052179,0.722111152168546,0.972182844674824
"GO:0006793","phosphorus metabolic process",0.191975999389027,22,0.779575907519054,0.92396043589247,0.999999999999969,86443,16,1125,0.893032773780975,0.724786157499846,0.972182844674824
"GO:0022603","regulation of anatomical structure morphogenesis",0.107081862626276,11,0.698810518770591,0.925080482671159,0.999999999999969,41148,10,488,1.28670833824743,0.249887972159901,0.818118519946435
"GO:0009058","biosynthetic process",0.545713061870972,72,0.897533800433668,0.925434752969132,0.999999999999969,74175,61,3479,1.10096964107357,0.18653005577038,0.731893354421068
"GO:0099537","trans-synaptic signaling",0.0827378007409154,8,0.657761847911561,0.926170771710249,0.999999999999969,260638,6,413,0.912223248035954,0.649364319150522,0.972182844674824
"GO:0051493","regulation of cytoskeleton organization",0.0571120238810728,5,0.595559448444781,0.926785254096705,0.999999999999969,40367,4,271,0.926809843638005,0.631285021316653,0.972182844674824
"GO:0007409","axonogenesis",0.0659068244127963,6,0.619303492381396,0.927030970442461,0.999999999999969,279023,5,299,1.05002285796781,0.520289773344066,0.951745766037005
"GO:0071396","cellular response to lipid",0.0572690837730236,5,0.593926132588119,0.927832593981101,0.999999999999969,40074,4,302,0.831673733860594,0.71421398486465,0.972182844674824
"GO:0009628","response to abiotic stimulus",0.0913446606831164,9,0.670258002362197,0.927951216904625,0.999999999999969,55698,9,557,1.01458223008667,0.53192773860453,0.957191778284541
"GO:0048812","neuron projection morphogenesis",0.0915072547502593,9,0.669067058814207,0.928832780456724,0.999999999999969,211243,8,423,1.18754358215555,0.360705682227215,0.870939733919363
"GO:0016070","RNA metabolic process",0.361379979789192,45,0.847092993801609,0.932072071989659,0.999999999999969,81911,36,2026,1.11573998451782,0.25305828191346,0.818118519946435
"GO:0051338","regulation of transferase activity",0.0579432569949207,5,0.587015766910695,0.932179914518486,0.999999999999969,32033,4,265,0.947794217456224,0.613601930902078,0.972182844674824
"GO:0061024","membrane organization",0.0754201822514574,7,0.631383353865171,0.93251707256188,0.999999999999969,61229,4,384,0.654076738609113,0.866714148012921,0.990687728802975
"GO:0030900","forebrain development",0.0668571529767775,6,0.610500518093997,0.932810621171468,0.999999999999969,375152,4,263,0.955001778045244,0.607594583589866,0.972182844674824
"GO:0051248","negative regulation of protein metabolic process",0.067120358348912,6,0.608106505010545,0.934338903598777,0.999999999999969,277609,5,355,0.884385449386969,0.673010679510713,0.972182844674824
"GO:0120039","plasma membrane bounded cell projection morphogenesis",0.0927750236032572,9,0.659924270757813,0.935396604531956,0.999999999999969,211243,8,431,1.16550100986496,0.380248605068179,0.871559921517657
"GO:0099536","synaptic signaling",0.0844946799973879,8,0.644085150794883,0.935757428883994,0.999999999999969,260638,6,426,0.884385449386969,0.678898403129361,0.972182844674824
"GO:0007264","small GTPase-mediated signal transduction",0.0590519736528987,5,0.575994388301147,0.938827479103884,0.999999999999969,324490,4,277,0.906734540165701,0.648449767649952,0.972182844674824
"GO:0048858","cell projection morphogenesis",0.0934890428865372,9,0.654884122305363,0.938859824453898,0.999999999999969,211243,8,436,1.15213517259587,0.392502744433164,0.873696012848822
"GO:0006915","apoptotic process",0.157655147834422,17,0.73353937433657,0.939524853427354,0.999999999999969,34609,12,955,0.789001468981883,0.845884303818776,0.990687728802975
"GO:0034654","nucleobase-containing compound biosynthetic process",0.37122228900127,46,0.842959001491845,0.940660363055293,0.999999999999969,67629,37,2111,1.10055924942661,0.278888809658323,0.819120233484469
"GO:0001501","skeletal system development",0.0596799918536941,5,0.569933144856344,0.942330361959868,0.999999999999969,22105,5,298,1.05354642460528,0.517294657700147,0.951745766037005
"GO:0048584","positive regulation of response to stimulus",0.21940757761404,25,0.775123763091041,0.942421002646903,0.999999999999969,56131,19,1141,1.04560558389397,0.454824682389468,0.914571663080518
"GO:0141187","nucleic acid biosynthetic process",0.358129315964878,44,0.835786724370007,0.943765417338603,0.999999999999969,69986,35,1987,1.10603816896156,0.276280992246798,0.819120233484469
"GO:0019953","sexual reproduction",0.0946889627516805,9,0.646585283191644,0.944320207806799,0.999999999999969,119842,6,477,0.789828514546853,0.778848392970183,0.984603030214305
"GO:0014070","response to organic cyclic compound",0.0862704861330172,8,0.63082719417591,0.944336167033341,0.999999999999969,35475,7,461,0.953448087516971,0.606524911825768,0.972182844674824
"GO:0032774","RNA biosynthetic process",0.352203210485712,43,0.830534754068028,0.947047506852683,0.999999999999969,71473,34,1942,1.09933392112263,0.293968102318661,0.834115117882504
"GO:0016192","vesicle-mediated transport",0.129173515208467,13,0.684624661695846,0.950936382546531,0.999999999999969,147088,11,744,0.928366983832289,0.647218685170303,0.972182844674824
"GO:0071345","cellular response to cytokine stimulus",0.0704238182045586,6,0.579581277630445,0.951078646383692,0.999999999999969,15640,6,397,0.948987912944204,0.610893467232457,0.972182844674824
"GO:0001932","regulation of protein phosphorylation",0.0705352764929268,6,0.578665436077298,0.951570442279653,0.999999999999969,26808,5,354,0.886883713368288,0.670578888459942,0.972182844674824
"GO:0051046","regulation of secretion",0.0708778419373155,6,0.575868641242072,0.953054505083381,0.999999999999969,19996,5,318,0.987285643183566,0.575615267845385,0.972182844674824
"GO:0031344","regulation of cell projection organization",0.0798673347522958,7,0.596226827485047,0.953750375008636,0.999999999999969,114448,6,392,0.961092350609308,0.598417567534856,0.972182844674824
"GO:0007167","enzyme-linked receptor protein signaling pathway",0.105423270321215,10,0.645276993182637,0.953789774901762,0.999999999999969,78538,8,531,0.946009294259508,0.616258092482511,0.972182844674824
"GO:0012501","programmed cell death",0.162970723106399,17,0.709613704222808,0.957205226069503,0.999999999999969,34609,12,987,0.763420874242855,0.875413389797789,0.990687728802975
"GO:0008219","cell death",0.163004702942078,17,0.709465778692869,0.957302250014211,0.999999999999969,34609,12,989,0.761877050432455,0.877101018733812,0.990687728802975
"GO:0019725","cellular homeostasis",0.0811181690292061,7,0.587033067794007,0.958542345579337,0.999999999999969,9356,6,412,0.914437382133128,0.647027112366983,0.972182844674824
"GO:0006897","endocytosis",0.0632390199197102,5,0.537857884030483,0.959001404949843,0.999999999999969,343039,4,345,0.728015848191012,0.805602037559212,0.990687728802975
"GO:0019219","regulation of nucleobase-containing compound metabolic process",0.335839097176796,40,0.810235752254207,0.959547006041353,0.999999999999969,78152,34,1845,1.15713088066132,0.192872421463762,0.738015959815882
"GO:0043170","macromolecule metabolic process",0.624634163348929,82,0.893039737469648,0.959573140407705,0.999999999999969,91454,74,4096,1.13441434352518,0.0784346537228602,0.643685151292132
"GO:0010648","negative regulation of cell communication",0.140187409308704,14,0.679362688188161,0.960265151174244,0.999999999999969,26100,12,750,1.0046618705036,0.537751352910226,0.957191778284541
"GO:0023057","negative regulation of signaling",0.140198920393104,14,0.679306908862474,0.96029785268367,0.999999999999969,26100,12,751,1.00332410503022,0.539678391614765,0.957191778284541
"GO:0048729","tissue morphogenesis",0.0730280903664399,6,0.558912691346636,0.961476558790446,0.999999999999969,237982,5,329,0.954276092803569,0.606103472524627,0.972182844674824
"GO:0055082","intracellular chemical homeostasis",0.073597003576184,6,0.554592232662858,0.963464525619272,0.999999999999969,10802,5,360,0.872102318145484,0.684994404218495,0.972182844674824
"GO:0061564","axon development",0.0737373502590547,6,0.553536659335004,0.9639404880862,0.999999999999969,279023,5,344,0.912665216663878,0.645627003291314,0.972182844674824
"GO:0007186","G protein-coupled receptor signaling pathway",0.10038351834081,9,0.609905797364627,0.96484652402725,0.999999999999969,44643,6,518,0.727313130190828,0.8409044818911,0.990687728802975
"GO:0040011","locomotion",0.12565710029143,12,0.649646163025395,0.965115466965689,0.999999999999969,87518,11,644,1.0725233477814,0.450353857364992,0.914451767279004
"GO:0098662","inorganic cation transmembrane transport",0.0744001230800563,6,0.548605631830648,0.966113365522256,0.999999999999969,4887,6,426,0.884385449386969,0.678898403129361,0.972182844674824
"GO:0044249","cellular biosynthetic process",0.527987430781304,67,0.863244627340302,0.966750852471591,0.999999999999969,78990,56,3306,1.06361662031536,0.306005893058499,0.838347505834824
"GO:0098655","monoatomic cation transmembrane transport",0.0750942193326449,6,0.543534867175437,0.968261251649354,0.999999999999969,4887,6,442,0.852371496467984,0.713019234575894,0.972182844674824
"GO:1903530","regulation of secretion by cell",0.065867310401925,5,0.516395845444796,0.968365165527331,0.999999999999969,23859,4,294,0.854304311652719,0.694190720354097,0.972182844674824
"GO:0034097","response to cytokine",0.0758265013940587,6,0.538285767907134,0.97039272183189,0.999999999999969,15640,6,439,0.858196358630635,0.706812387441836,0.972182844674824
"GO:0000902","cell morphogenesis",0.128210900775559,12,0.636706025520617,0.971348696627142,0.999999999999969,155924,12,624,1.20752628666298,0.290506276952991,0.830274112526141
"GO:0032879","regulation of localization",0.184770724655968,19,0.699524780892271,0.971629334503483,0.999999999999969,97318,18,1014,1.11463964922736,0.348598749143626,0.870939733919363
"GO:0051050","positive regulation of transport",0.0854309517563812,7,0.557398069903754,0.971849397314029,0.999999999999969,18334,6,413,0.912223248035954,0.649364319150522,0.972182844674824
"GO:0042981","regulation of apoptotic process",0.129057518896441,12,0.632529230061586,0.973185651741017,0.999999999999969,43801,7,733,0.599644704427454,0.953530404224745,0.990687728802975
"GO:0043066","negative regulation of apoptotic process",0.0860728053951567,7,0.553241495968797,0.973459392216822,0.999999999999969,33154,5,449,0.699235711653394,0.849482610534927,0.990687728802975
"GO:1901701","cellular response to oxygen-containing compound",0.112415811359891,10,0.605139170917601,0.973666357430714,0.999999999999969,34239,8,584,0.8601557110476,0.720835767451702,0.972182844674824
"GO:1902531","regulation of intracellular signal transduction",0.178069834649914,18,0.68764583194325,0.97387534259367,0.999999999999969,133882,15,1003,0.939053343566423,0.642864668730956,0.972182844674824
"GO:0007010","cytoskeleton organization",0.146123144252704,14,0.651765986320357,0.974317722411146,0.999999999999969,177182,11,773,0.893538209535864,0.697000359884634,0.972182844674824
"GO:0098657","import into cell",0.0865302603165327,7,0.55031670360004,0.974555363998445,0.999999999999969,247797,5,460,0.682514857679074,0.863816596254073,0.990687728802975
"GO:0044237","cellular metabolic process",0.646228182897849,84,0.884252012758315,0.97514591007996,0.999999999999969,78184,75,4238,1.11122050919906,0.115337481894961,0.648122896297045
"GO:0051049","regulation of transport",0.154972622435325,15,0.65844414789532,0.975629437717856,0.999999999999969,121243,13,818,0.997906809027106,0.546341949988248,0.959124713406398
"GO:0120035","regulation of plasma membrane bounded cell projection organization",0.0782817935597696,6,0.521402546806087,0.976622986850744,0.999999999999969,133071,5,384,0.817595923261391,0.738394875974107,0.972182844674824
"GO:0003013","circulatory system process",0.0689439797582008,5,0.493351349334181,0.976819219394358,0.999999999999969,45398,3,312,0.603763143331489,0.87929471328534,0.990687728802975
"GO:0008285","negative regulation of cell population proliferation",0.0878348867763097,7,0.542142756332341,0.977458823563718,0.999999999999969,57089,5,385,0.815472297486686,0.740470990754217,0.972182844674824
"GO:0043069","negative regulation of programmed cell death",0.0879468984821971,7,0.541452267684994,0.977693457422283,0.999999999999969,33154,5,466,0.673727112730417,0.871146440970267,0.990687728802975
"GO:1901652","response to peptide",0.0791926081128795,6,0.515405762018009,0.978610718632691,0.999999999999969,15640,6,449,0.839082853984073,0.727156071726587,0.972182844674824
"GO:0010628","positive regulation of gene expression",0.106547814720242,9,0.574619854538293,0.979226090926061,0.999999999999969,60812,8,563,0.892239671850442,0.681744475721763,0.972182844674824
"GO:0043067","regulation of programmed cell death",0.132309510922802,12,0.616982501801058,0.979306006130271,0.999999999999969,43801,7,759,0.579103515606487,0.963845813620428,0.990687728802975
"GO:0006355","regulation of DNA-templated transcription",0.30443796577002,34,0.759736113798392,0.980281153592839,0.999999999999969,72776,28,1609,1.09270246947253,0.332889692176301,0.86104987417669
"GO:0071495","cellular response to endogenous stimulus",0.132969295289199,12,0.613921077671946,0.980382876244593,0.999999999999969,71015,10,654,0.96011264382989,0.600797946277929,0.972182844674824
"GO:0051252","regulation of RNA metabolic process",0.320022092427367,36,0.765253290252942,0.981290485966284,0.999999999999969,86057,30,1724,1.0926571967484,0.324309251361084,0.853257685174851
"GO:0031175","neuron projection development",0.125224881208929,11,0.597564407730923,0.981543185635475,0.999999999999969,223922,9,622,0.908556755881468,0.666342935045277,0.972182844674824
"GO:0006811","monoatomic ion transport",0.10795880802721,9,0.567109723742847,0.981654794541432,0.999999999999969,8645,8,646,0.777602066953249,0.817108452808236,0.990687728802975
"GO:2001141","regulation of RNA biosynthetic process",0.305767385334657,34,0.756432922869315,0.981857386021963,0.999999999999969,72776,28,1618,1.08662439640377,0.344576985721697,0.870939733919363
"GO:0050778","positive regulation of immune response",0.0809561283795824,6,0.504178341375652,0.98202450426114,0.999999999999969,22754,6,329,1.14513131136428,0.427074720828502,0.886780112677277
"GO:0010720","positive regulation of cell development",0.0715267793203369,5,0.475536655856472,0.982249183168188,0.999999999999969,8904,5,270,1.16280309086064,0.430878298875667,0.886780112677277
"GO:0009719","response to endogenous stimulus",0.159394871147799,15,0.64017628416609,0.982577232491366,0.999999999999969,58089,13,787,1.03721444699387,0.488080340440479,0.937681317941667
"GO:0048878","chemical homeostasis",0.0996595375421842,8,0.546076873821004,0.98260840096617,0.999999999999969,12719,7,517,0.850173246315907,0.724212482345477,0.972182844674824
"GO:0046903","secretion",0.100407204610632,8,0.542010594942112,0.983767706891892,0.999999999999969,14209,8,505,0.994714723270888,0.558418940178816,0.971984847002976
"GO:0098660","inorganic ion transmembrane transport",0.0822690561021476,6,0.496132184620345,0.984231299975807,0.999999999999969,4887,6,477,0.789828514546853,0.778848392970183,0.984603030214305
"GO:0033036","macromolecule localization",0.240351552944901,25,0.707580313616162,0.984569905351134,0.999999999999969,43716,21,1448,0.910648276958544,0.716293522677055,0.972182844674824
"GO:0030855","epithelial cell differentiation",0.0731801695007178,5,0.464792657276412,0.985077209950648,0.999999999999969,254295,5,357,0.879430909054269,0.677839289410203,0.972182844674824
"GO:0044238","primary metabolic process",0.660883564274464,85,0.874936711660858,0.985152250930468,0.999999999999969,85988,79,4468,1.11023231549049,0.104382336492031,0.648122896297045
"GO:0044085","cellular component biogenesis",0.2790779400029,30,0.73127110172499,0.985221942680991,0.999999999999969,102247,26,1558,1.04786619997968,0.430099018351096,0.886780112677277
"GO:0080134","regulation of response to stress",0.119417871179897,10,0.56965687138966,0.985527801791031,0.999999999999969,10873,11,649,1.06426045604195,0.460752352912816,0.914571663080518
"GO:0006357","regulation of transcription by RNA polymerase II",0.249340270975354,26,0.709354921318757,0.985886087716784,0.999999999999969,76816,22,1262,1.09461970835376,0.357469407818319,0.870939733919363
"GO:0006351","DNA-templated transcription",0.310719918714035,34,0.744376214965699,0.986804111351602,0.999999999999969,72776,28,1649,1.06619664850291,0.385648099906826,0.872626887559927
"GO:0022607","cellular component assembly",0.266689135417946,28,0.714225535201059,0.987739877537884,0.999999999999969,104571,25,1450,1.08260977424957,0.364914682076952,0.870939733919363
"GO:0051246","regulation of protein metabolic process",0.172277877577404,16,0.631790563858456,0.987902476765782,0.999999999999969,106372,15,940,1.00198989744375,0.537765597316013,0.957191778284541
"GO:0031323","regulation of cellular metabolic process",0.45031118667105,53,0.800655698456922,0.988922847822393,0.999999999999969,80610,47,2680,1.10119188231504,0.237767421504473,0.811754199308464
"GO:0006468","protein phosphorylation",0.105092658695241,8,0.517845579159827,0.989559256636174,0.999999999999969,20341,6,574,0.656355751635625,0.902330352993499,0.990687728802975
"GO:0007420","brain development",0.105109039853809,8,0.517764873346531,0.989575629673016,0.999999999999969,294584,6,431,0.874125757398721,0.689829053412961,0.972182844674824
"GO:0006366","transcription by RNA polymerase II",0.25474483578442,26,0.694305530295415,0.990342498330806,0.999999999999969,76816,22,1299,1.06344116392798,0.412435141029851,0.880699354946784
"GO:1901700","response to oxygen-containing compound",0.158564744868989,14,0.600625916667564,0.990446777233547,0.999999999999969,74589,12,818,0.921144746794252,0.661401461225809,0.972182844674824
"GO:0019752","carboxylic acid metabolic process",0.0872236924680982,6,0.46794999587458,0.990489156488142,0.999999999999969,65531,5,420,0.747516272696129,0.805748295714422,0.990687728802975
"GO:0032940","secretion by cell",0.0872528022296085,6,0.4677938758139,0.9905178520939,0.999999999999969,17594,6,430,0.876158607997323,0.687662259188793,0.972182844674824
"GO:0051093","negative regulation of developmental process",0.115893155000072,9,0.528283916301013,0.991114100456976,0.999999999999969,65976,8,517,0.971626567218179,0.585575318449189,0.972182844674824
"GO:0048666","neuron development",0.142424765655352,12,0.57316333072834,0.991160418873403,0.999999999999969,205434,10,703,0.893191563392245,0.691884685111022,0.972182844674824
"GO:0043436","oxoacid metabolic process",0.0881259843914123,6,0.463158815331086,0.991341853635424,0.999999999999969,65531,5,427,0.735261907569963,0.8171286231535,0.990687728802975
"GO:0048585","negative regulation of response to stimulus",0.168225975868782,15,0.606569917633429,0.991403646323014,0.999999999999969,24391,13,858,0.9513843470678,0.618049880260235,0.972182844674824
"GO:0050776","regulation of immune response",0.0979553436335402,7,0.486130167611833,0.991561093374551,0.999999999999969,20612,7,425,1.03421074904782,0.519107738908755,0.951745766037005
"GO:0006082","organic acid metabolic process",0.0884777365666198,6,0.461317480696168,0.991654425763254,0.999999999999969,65531,5,432,0.726751931787903,0.824929946896284,0.990687728802975
"GO:0050790","regulation of catalytic activity",0.116733796211746,9,0.524479557615532,0.991791369646825,0.999999999999969,23540,7,565,0.77794613866429,0.8043107241934,0.990687728802975
"GO:0033993","response to lipid",0.0886406626842742,6,0.460469555332572,0.991795588757547,0.999999999999969,33966,5,454,0.691534877824613,0.85614452208596,0.990687728802975
"GO:0048523","negative regulation of cellular process",0.433963454520702,50,0.783789627625298,0.991863905981568,0.999999999999969,65418,43,2440,1.10656917089279,0.241774366860331,0.817091473403892
"GO:0034220","monoatomic ion transmembrane transport",0.0890507450660061,6,0.458349073894423,0.992141039313181,0.999999999999969,4887,6,530,0.710845663092168,0.856187653882404,0.990687728802975
"GO:0048519","negative regulation of biological process",0.457336822077374,53,0.788355978093704,0.993004828950912,0.999999999999969,85739,48,2617,1.15169492224333,0.139018788547496,0.656528381016299
"GO:0060322","head development",0.110400707488957,8,0.492947644496996,0.993779686912184,0.999999999999969,294584,6,458,0.822594326285696,0.744618007391555,0.973287696900205
"GO:0045935","positive regulation of nucleobase-containing compound metabolic process",0.197359977066378,18,0.620434707238811,0.993958291878055,0.999999999999969,47835,15,1014,0.928866374356136,0.66000317342247,0.972182844674824
"GO:0055085","transmembrane transport",0.129152042608722,10,0.526721912486112,0.994038698418786,0.999999999999969,7824,9,769,0.734879456642748,0.874087675282706,0.990687728802975
"GO:0009966","regulation of signal transduction",0.277134226991943,28,0.687306625903439,0.994188073387794,0.999999999999969,100811,23,1592,0.907161707819674,0.731660181826989,0.972182844674824
"GO:0048870","cell motility",0.190083975574364,17,0.608395621745392,0.994420031228951,0.999999999999969,166535,14,952,0.923402454506983,0.665453204180907,0.972182844674824
"GO:0120036","plasma membrane bounded cell projection organization",0.17336667120469,15,0.588583812664045,0.994423139636431,0.999999999999969,181546,12,885,0.851408364833557,0.763570424974081,0.979316085216065
"GO:0032101","regulation of response to external stimulus",0.102193193628615,7,0.465970833557686,0.994523467708668,0.999999999999969,75185,7,517,0.850173246315907,0.724212482345477,0.972182844674824
"GO:0008284","positive regulation of cell population proliferation",0.10248927200139,7,0.464624703533866,0.994688745629261,0.999999999999969,100539,5,477,0.658190428789044,0.883728997488258,0.990687728802975
"GO:0065009","regulation of molecular function",0.174141455731579,15,0.585965104620555,0.994782203218247,0.999999999999969,26785,12,863,0.873112865443451,0.732487367796994,0.972182844674824
"GO:0140352","export from cell",0.0942922730739133,6,0.432870321183342,0.995509031711937,0.999999999999969,17594,6,475,0.793154108292313,0.775412484219016,0.984603030214305
"GO:0045597","positive regulation of cell differentiation",0.113747998012124,8,0.478441552014676,0.995554571902883,0.999999999999969,38355,7,505,0.870375382862027,0.701129703744064,0.972182844674824
"GO:0044093","positive regulation of molecular function",0.114089788671986,8,0.477008234838162,0.995706173275826,0.999999999999969,35850,6,500,0.753496402877698,0.815590641189515,0.990687728802975
"GO:0051254","positive regulation of RNA metabolic process",0.185044666327975,16,0.588201430361957,0.995782485109801,0.999999999999969,53240,13,926,0.881520269745327,0.726322124650231,0.972182844674824
"GO:0006996","organelle organization",0.281954936318246,28,0.675555437912949,0.995959931928386,0.999999999999969,108014,26,1689,0.966592977837978,0.611356777631189,0.972182844674824
"GO:0030030","cell projection organization",0.177175954672892,15,0.575929259220993,0.995992718901337,0.999999999999969,181546,12,904,0.833513719997453,0.788402041165364,0.989241585527272
"GO:0065003","protein-containing complex assembly",0.142693173152167,11,0.524411436929721,0.996127508911949,0.999999999999969,41950,10,725,0.866087819399653,0.728463248872264,0.972182844674824
"GO:0040007","growth",0.106148136587871,7,0.448609359992183,0.99637960204934,0.999999999999969,32115,6,505,0.746036042453166,0.822917783905063,0.990687728802975
"GO:0080090","regulation of primary metabolic process",0.424416227529865,47,0.753335688923355,0.996401802566792,0.999999999999969,93073,44,2544,1.08601420750192,0.284315594747018,0.823405035422851
"GO:0141124","intracellular signaling cassette",0.187460001748799,16,0.58062272697948,0.99658078820185,0.999999999999969,135166,14,1013,0.867797765736078,0.75355253009271,0.974566540315433
"GO:0035239","tube morphogenesis",0.106923253165272,7,0.44535726522876,0.996665466643979,0.999999999999969,47442,5,488,0.643354169123717,0.895257903447077,0.990687728802975
"GO:0048589","developmental growth",0.0870534612391904,5,0.390720885281289,0.996772166733658,0.999999999999969,37704,4,377,0.666221399538194,0.857117171226698,0.990687728802975
"GO:0010468","regulation of gene expression",0.397187200116882,43,0.736471383560802,0.99679140693353,0.999999999999969,95257,37,2269,1.02392268644318,0.465702860024112,0.9175337199624
"GO:0010556","regulation of macromolecule biosynthetic process",0.40522171566072,44,0.738656681819511,0.99697405288494,0.999999999999969,93354,38,2324,1.02670909743806,0.456620882025564,0.914571663080518
"GO:0022008","neurogenesis",0.215438799216804,19,0.599946254575071,0.997349783242819,0.999999999999969,163514,15,1041,0.904774739286381,0.70021258487814,0.972182844674824
"GO:0045944","positive regulation of transcription by RNA polymerase II",0.137650654084166,10,0.494201871665345,0.997381588033516,0.999999999999969,32229,9,657,0.8601557110476,0.728696272115701,0.972182844674824
"GO:0019222","regulation of metabolic process",0.493095784397389,56,0.772572779988257,0.997567650726225,0.999999999999969,97180,52,3006,1.08621127050455,0.255375412895176,0.818118519946435
"GO:0009889","regulation of biosynthetic process",0.415901124212349,45,0.736046216656278,0.997664288667819,0.999999999999969,91534,39,2402,1.01951012046316,0.475665118586683,0.92925295318833
"GO:0007399","nervous system development",0.297239110680183,29,0.663704420031352,0.997764020498526,0.999999999999969,112239,25,1444,1.08710815281293,0.35659546551637,0.870939733919363
"GO:0003006","developmental process involved in reproduction",0.101104178634321,6,0.403705633950493,0.997884711695913,0.999999999999969,105718,5,465,0.675175988241665,0.869948143012678,0.990687728802975
"GO:0044281","small molecule metabolic process",0.149199481558468,11,0.50154284177901,0.997935723653153,0.999999999999969,125232,9,833,0.678418129841865,0.923965926874749,0.990687728802975
"GO:0031326","regulation of cellular biosynthetic process",0.410694350824647,44,0.728813842435724,0.997996542836579,0.999999999999969,93354,38,2369,1.00720639191475,0.511811139805892,0.951745766037005
"GO:0022402","cell cycle process",0.101727216077443,6,0.401233102649143,0.998028179770307,0.999999999999969,32841,5,593,0.529438169531828,0.964165985622886,0.990687728802975
"GO:0046649","lymphocyte activation",0.091506037231717,5,0.371708867208899,0.998075317042347,0.999999999999969,13640,5,393,0.79887235249968,0.756652368283811,0.975849711742073
"GO:0002684","positive regulation of immune system process",0.112306788108607,7,0.42400863225647,0.998135179198615,0.999999999999969,20492,7,500,0.879079136690648,0.691155679253539,0.972182844674824
"GO:0045893","positive regulation of DNA-templated transcription",0.177125261628132,14,0.537687816874162,0.998161937492749,0.999999999999969,31005,12,868,0.868083413453569,0.73976953336045,0.972182844674824
"GO:0060429","epithelium development",0.122608101811114,8,0.443867639279852,0.998232243416063,0.999999999999969,190423,7,605,0.726511683215411,0.8565723641643,0.990687728802975
"GO:0051641","cellular localization",0.276930901395387,26,0.638681878432892,0.998268105302754,0.999999999999969,93190,23,1642,0.879538026095567,0.785388110451749,0.988137758530326
"GO:0008152","metabolic process",0.720301789641574,90,0.849983863380154,0.998268693162052,0.999999999999969,89678,87,5016,1.08908471309077,0.125935037050772,0.648122896297045
"GO:0009893","positive regulation of metabolic process",0.31599741886069,31,0.667361000927879,0.99829210199359,0.999999999999969,39078,28,1752,1.0035149962222,0.525967027215134,0.954991112159243
"GO:1902680","positive regulation of RNA biosynthetic process",0.178115104202985,14,0.534699713784853,0.998325774933911,0.999999999999969,31005,12,869,0.867084468213691,0.741210678553375,0.972182844674824
"GO:0070887","cellular response to chemical stimulus",0.214355318397701,18,0.571243020733699,0.998602000360264,0.999999999999969,53089,16,1079,0.9311046065835,0.659520955985229,0.972182844674824
"GO:0051726","regulation of cell cycle",0.0942229852005087,5,0.360990530811512,0.998603866076808,0.999999999999969,1724,5,530,0.59237138591014,0.930714177468852,0.990687728802975
"GO:0035295","tube development",0.124819115483847,8,0.436005082206544,0.998605599221936,0.999999999999969,41518,6,604,0.623755300395445,0.9260262615482,0.990687728802975
"GO:0023051","regulation of signaling",0.319004689660058,31,0.661069760341837,0.998663890959467,0.999999999999969,108887,26,1832,0.891143853476171,0.77747940989021,0.984603030214305
"GO:0031325","positive regulation of cellular metabolic process",0.280564419459488,26,0.630410472718045,0.998724158384637,0.999999999999969,31634,23,1489,0.969913659401559,0.599886382431394,0.972182844674824
"GO:0030155","regulation of cell adhesion",0.106256938472147,6,0.384128576613483,0.998824474251245,0.999999999999969,13353,6,438,0.8601557110476,0.704723750004245,0.972182844674824
"GO:0043933","protein-containing complex organization",0.154888945706421,11,0.48311990007746,0.998832353814488,0.999999999999969,39031,11,815,0.847490841682482,0.761219845285461,0.979013301019912
"GO:0010646","regulation of cell communication",0.320861073386484,31,0.657245054738947,0.998854380163863,0.999999999999969,108887,26,1835,0.889686942544057,0.780414662609593,0.984603030214305
"GO:0045184","establishment of protein localization",0.1461316668825,10,0.4655199816413,0.998895133461474,0.999999999999969,52268,8,795,0.631862811637482,0.945534030470782,0.990687728802975
"GO:0016477","cell migration",0.173682893975165,13,0.509177225952404,0.998906583232377,0.999999999999969,195541,11,829,0.833178571738508,0.780452077945248,0.984603030214305
"GO:0007267","cell-cell signaling",0.147462082598672,10,0.461320019936885,0.999038491415215,0.999999999999969,209350,10,697,0.900880443421447,0.681420748650477,0.972182844674824
"GO:0042221","response to chemical",0.32444489455736,31,0.649985120059312,0.99915285798217,0.999999999999969,59367,28,1801,0.976212256180619,0.591221098813399,0.972182844674824
"GO:0009887","animal organ morphogenesis",0.131450164198978,8,0.41401065597076,0.999326490757041,0.999999999999969,38155,6,578,0.651813497299046,0.905822874691313,0.990687728802975
"GO:0051094","positive regulation of developmental process",0.162168821121069,11,0.461432299103439,0.999451026750958,0.999999999999969,58191,9,759,0.744561662922626,0.864322823000187,0.990687728802975
"GO:0048699","generation of neurons",0.191161811534771,14,0.498206699724502,0.999534229560333,0.999999999999969,179984,12,916,0.822594326285696,0.803120988660251,0.990687728802975
"GO:0045321","leukocyte activation",0.103379720789793,5,0.329016224674647,0.999540372536671,0.999999999999969,13640,5,465,0.675175988241665,0.869948143012678,0.990687728802975
"GO:0060255","regulation of macromolecule metabolic process",0.461804672393431,48,0.707075159184861,0.999682529347947,0.999999999999969,108278,45,2743,1.03011721137126,0.4360639528119,0.889416784810176
"GO:0042127","regulation of cell population proliferation",0.176930901395387,12,0.46138154735786,0.999692090481779,0.999999999999969,77671,9,857,0.659419255727274,0.937774215364281,0.990687728802975
"GO:0008283","cell population proliferation",0.196270630021572,14,0.485238648429607,0.999724471224229,0.999999999999969,66776,11,989,0.69838729622975,0.927710313605562,0.990687728802975
"GO:0001775","cell activation",0.119139944901752,6,0.342591450451578,0.999745672718656,0.999999999999969,11430,6,545,0.691281103557521,0.873596511404492,0.990687728802975
"GO:0048522","positive regulation of cellular process",0.485572073223779,51,0.714494911552122,0.999746057721817,0.999999999999969,56607,44,2770,0.997407994182272,0.540639164859219,0.957191778284541
"GO:0048583","regulation of response to stimulus",0.363532441888393,34,0.636236248422117,0.999795751419858,0.999999999999969,84437,30,2032,0.927037897241262,0.714605674984028,0.972182844674824
"GO:0030182","neuron differentiation",0.180752581416018,12,0.451626485340973,0.999795857349298,0.999999999999969,205434,10,864,0.726751931787903,0.893105154684256,0.990687728802975
"GO:0010604","positive regulation of macromolecule metabolic process",0.294920512641716,25,0.576657166663382,0.999833037494418,0.999999999999969,46557,23,1610,0.897019527235355,0.75184933162952,0.974566540315433
"GO:0007049","cell cycle",0.133301899218242,7,0.357227075520398,0.99983387028851,0.999999999999969,28152,6,778,0.484252186939394,0.987815763764489,0.990687728802975
"GO:0046907","intracellular transport",0.11149603144297,5,0.30506561535847,0.999834195705172,0.999999999999969,20898,5,631,0.497554412888073,0.976414211522027,0.990687728802975
"GO:0009888","tissue development",0.210748143007514,15,0.484183703212475,0.999844940665608,0.999999999999969,109407,15,1041,0.904774739286381,0.70021258487814,0.972182844674824
"GO:0051179","localization",0.397106511842581,38,0.650967419700784,0.999850004025143,0.999999999999969,64303,37,2575,0.902244883704687,0.800021535193364,0.990687728802975
"GO:0035556","intracellular signal transduction",0.264123934532921,21,0.540871629486258,0.999865682988959,0.999999999999969,111923,19,1521,0.784376049456293,0.904701857367572,0.990687728802975
"GO:0002682","regulation of immune system process",0.155962575693681,9,0.392558852812014,0.999871704693471,0.999999999999969,16883,9,727,0.777334665967364,0.829037242074069,0.990687728802975
"GO:0060284","regulation of cell development",0.114088239102932,5,0.298134196036536,0.99988104902123,0.999999999999969,8904,5,469,0.669417557638324,0.874686151978528,0.990687728802975
"GO:0009891","positive regulation of biosynthetic process",0.250956028764429,19,0.515037241052296,0.999909142808845,0.999999999999969,40584,17,1306,0.817345511033746,0.849294062049552,0.990687728802975
"GO:0065008","regulation of biological quality",0.301251719744941,25,0.564537946388737,0.999910366252914,0.999999999999969,136063,24,1495,1.00802194364909,0.518322432680973,0.951745766037005
"GO:0010557","positive regulation of macromolecule biosynthetic process",0.245137507650997,18,0.499511399806543,0.999932555185893,0.999999999999969,42692,16,1262,0.796087060620917,0.870132986696278,0.990687728802975
"GO:0050877","nervous system process",0.142246786581175,7,0.334763608820599,0.99994451260463,0.999999999999969,23217,6,644,0.585012735153492,0.949761222390974,0.990687728802975
"GO:0031328","positive regulation of cellular biosynthetic process",0.248511030164575,18,0.492730562143441,0.999952967423526,0.999999999999969,42692,16,1286,0.781230070376048,0.888111675516167,0.990687728802975
"GO:0050793","regulation of developmental process",0.275234787382523,21,0.519037379742986,0.999957244203291,0.999999999999969,62120,18,1329,0.850447407311171,0.806806509398435,0.990687728802975
"GO:0007166","cell surface receptor signaling pathway",0.267961552978106,20,0.507738592557807,0.999962582915207,0.999999999999969,56457,17,1372,0.77802714096944,0.898863439010114,0.990687728802975
"GO:0071705","nitrogen compound transport",0.167122461335485,9,0.366345069996397,0.999965990611308,0.999999999999969,16864,9,897,0.630013714780684,0.956015367360629,0.990687728802975
"GO:0098609","cell-cell adhesion",0.123728329553492,5,0.274905557724124,0.999966288302831,0.999999999999969,5034,5,518,0.606094275159023,0.92185311836154,0.990687728802975
"GO:0050896","response to stimulus",0.647131803023209,72,0.756871963453449,0.999966557840985,0.999999999999969,214250,56,4065,0.865022520728804,0.943834441136704,0.990687728802975
"GO:0006629","lipid metabolic process",0.124928138735131,5,0.27226536620618,0.999971263571005,0.999999999999969,57933,5,650,0.483010514665191,0.980966731844043,0.990687728802975
"GO:0015031","protein transport",0.126388275517805,5,0.269119942517019,0.999976357569983,0.999999999999969,22253,5,661,0.474972518203289,0.983215140023745,0.990687728802975
"GO:0048518","positive regulation of biological process",0.518068971318584,52,0.682807726736269,0.999978527054894,0.999999999999969,62443,45,3030,0.932545053066458,0.748359438653289,0.973287696900205
"GO:0051241","negative regulation of multicellular organismal process",0.128448538258307,5,0.26480336719579,0.999982074019963,0.999999999999969,9847,5,557,0.563656794492593,0.94748203168024,0.990687728802975
"GO:0051649","establishment of localization in cell",0.172374282909249,9,0.355183434341835,0.999982148266148,0.999999999999969,199750,8,940,0.534394611969998,0.986572747180084,0.990687728802975
"GO:0048646","anatomical structure formation involved in morphogenesis",0.131464221003966,5,0.258728992439325,0.999988082151871,0.999999999999969,261515,5,639,0.491325249659427,0.978441568691541,0.990687728802975
"GO:0042592","homeostatic process",0.165230990938342,8,0.329367804419882,0.999988230435265,0.999999999999969,13141,8,871,0.576728972734556,0.97320905518825,0.990687728802975
"GO:0051234","establishment of localization",0.354529224318937,29,0.556453172354425,0.999989917648102,0.999999999999969,70318,29,2269,0.80253399748249,0.934440565318664,0.990687728802975
"GO:0048513","animal organ development",0.316783050370956,24,0.515385232673477,0.999992742331031,0.999999999999969,101753,24,1595,0.944823075708712,0.656009664715619,0.972182844674824
"GO:0003008","system process",0.224286838513875,13,0.394295870126098,0.999996038392753,0.999999999999969,28667,11,1059,0.652223830001155,0.958972355323895,0.990687728802975
"GO:0051240","positive regulation of multicellular organismal process",0.20132632042653,10,0.337895267445564,0.999998328316268,0.999999999999969,20327,9,900,0.627913669064748,0.957172158906017,0.990687728802975
"GO:0048468","cell development",0.296631347560591,20,0.458665015978854,0.999998562985093,0.999999999999969,129402,17,1538,0.694052820162596,0.968369461605805,0.990687728802975
"GO:0048731","system development",0.421543437187665,35,0.564817803080259,0.999998949656968,0.999999999999969,96783,32,2177,0.922978291689111,0.731210577817191,0.972182844674824
"GO:0006810","transport",0.337194084630821,24,0.484187930820913,0.999999326042346,0.999999999999969,68388,26,2118,0.770809980910456,0.952986387576821,0.990687728802975
"GO:0045595","regulation of cell differentiation",0.187244279599813,8,0.290645828133152,0.999999357207858,0.999999999999969,38355,7,852,0.515891512142399,0.986034618211552,0.990687728802975
"GO:0007155","cell adhesion",0.189112285094142,8,0.287774898814169,0.999999502234075,0.999999999999969,10109,8,815,0.616356975769078,0.954560574855015,0.990687728802975
"GO:0008150","biological_process",0.937571072644904,121,0.877937977948294,0.999999569403018,0.999999999999969,161024,117,7791,0.942958532673284,0.977155123862971,0.990687728802975
"GO:0009653","anatomical structure morphogenesis",0.30358016861525,19,0.425758050237078,0.999999797633169,0.999999999999969,109725,18,1484,0.761620353313037,0.922725551280697,0.990687728802975
"GO:2000026","regulation of multicellular organismal development",0.175005672529572,6,0.233228591625881,0.999999857468884,0.999999999999969,7474,6,783,0.481159899666474,0.988480396098594,0.990687728802975
"GO:0071840","cellular component organization or biogenesis",0.52787552975892,47,0.605688032749845,0.999999885926607,0.999999999999969,85876,42,3285,0.80281199697776,0.973292591637429,0.990687728802975
"GO:0050794","regulation of cellular process",0.733318169693307,78,0.72357711403752,0.999999954571004,0.999999999999969,94304,79,5110,0.970747159610863,0.692637520005575,0.972182844674824
"GO:0016043","cellular component organization",0.520748618946581,45,0.587850716913748,0.999999954748,0.999999999999969,86705,41,3204,0.803510000987974,0.970620861620463,0.990687728802975
"GO:0051716","cellular response to stimulus",0.570793169056877,52,0.619736737885507,0.999999961967703,0.999999999999969,57899,48,3450,0.873619017829215,0.904327601705956,0.990687728802975
"GO:0007275","multicellular organism development",0.465793927238878,37,0.540369175193275,0.999999972076935,0.999999999999969,92567,34,2465,0.866087819399653,0.863579302370377,0.990687728802975
"GO:0007165","signal transduction",0.490213032539843,40,0.555082842509493,0.999999978822389,0.999999999999969,77202,35,2829,0.776846179472117,0.975093423759753,0.990687728802975
"GO:0030154","cell differentiation",0.420649003793124,29,0.468986993397584,0.999999997300936,0.999999999999969,121208,27,2276,0.744888798978392,0.974095387287962,0.990687728802975
"GO:0048869","cellular developmental process",0.421270048933177,29,0.46829560293739,0.999999997526974,0.999999999999969,121208,27,2277,0.744561662922626,0.974275726613231,0.990687728802975
"GO:0050789","regulation of biological process",0.756580632379131,79,0.710320807838351,0.999999997768257,0.999999999999969,93383,80,5383,0.93318026240349,0.863077740222871,0.990687728802975
"GO:0048856","anatomical structure development",0.536023385210692,43,0.545716875183987,0.999999999304581,0.999999999999969,80224,42,3031,0.870088225031984,0.888925924577643,0.990687728802975
"GO:0023052","signaling",0.522179092550225,41,0.534130087943005,0.999999999358379,0.999999999999969,88539,37,3080,0.754311875175184,0.988938572706084,0.990687728802975
"GO:0051239","regulation of multicellular organismal process",0.318516464724614,16,0.341720285979788,0.999999999434669,0.999999999999969,20459,15,1535,0.613596419281513,0.990687728802975,0.990687728802975
"GO:0007154","cell communication",0.525992028574053,41,0.530258158820335,0.999999999638463,0.999999999999969,88539,37,3095,0.750656082565289,0.990097781242589,0.990687728802975
"GO:0032502","developmental process",0.561723873435627,44,0.53285918944561,0.999999999962077,0.999999999999969,87568,43,3252,0.830267151592379,0.951302324798113,0.990687728802975
"GO:0065007","biological regulation",0.786885775730871,80,0.691609511646532,0.99999999998511,0.999999999999969,93141,83,5552,0.93870379200962,0.853460684565477,0.990687728802975
"GO:0032501","multicellular organismal process",0.614253600257671,48,0.531589252562659,0.999999999999516,0.999999999999969,78748,49,3524,0.87309221862011,0.908764694839142,0.990687728802975
"GO:0009987","cellular process",0.909386625226763,102,0.763017106005253,0.999999999999969,0.999999999999969,88097,112,7350,0.956820829051045,0.901030682322523,0.990687728802975
